pokemonId,pokemonName,koreanName,level,move,koreanMove,method,versionGroup,source
1,bulbasaur,이상해씨,1,tackle,,level-up,heartgold-soulsilver,pokeapi
1,bulbasaur,이상해씨,3,growl,,level-up,heartgold-soulsilver,pokeapi
1,bulbasaur,이상해씨,7,leech-seed,,level-up,heartgold-soulsilver,pokeapi
1,bulbasaur,이상해씨,9,vine-whip,,level-up,heartgold-soulsilver,pokeapi
1,bulbasaur,이상해씨,13,poison-powder,독가루,level-up,heartgold-soulsilver,pokeapi
1,bulbasaur,이상해씨,13,sleep-powder,수면가루,level-up,heartgold-soulsilver,pokeapi
1,bulbasaur,이상해씨,15,take-down,,level-up,heartgold-soulsilver,pokeapi
1,bulbasaur,이상해씨,19,razor-leaf,잎날가르기,level-up,heartgold-soulsilver,pokeapi
1,bulbasaur,이상해씨,21,sweet-scent,,level-up,heartgold-soulsilver,pokeapi
1,bulbasaur,이상해씨,25,growth,,level-up,heartgold-soulsilver,pokeapi
1,bulbasaur,이상해씨,27,double-edge,이판사판태클,level-up,heartgold-soulsilver,pokeapi
1,bulbasaur,이상해씨,31,worry-seed,,level-up,heartgold-soulsilver,pokeapi
1,bulbasaur,이상해씨,33,synthesis,광합성,level-up,heartgold-soulsilver,pokeapi
1,bulbasaur,이상해씨,37,seed-bomb,,level-up,heartgold-soulsilver,pokeapi
2,ivysaur,이상해풀,1,growl,,level-up,heartgold-soulsilver,pokeapi
2,ivysaur,이상해풀,1,leech-seed,,level-up,heartgold-soulsilver,pokeapi
2,ivysaur,이상해풀,1,tackle,,level-up,heartgold-soulsilver,pokeapi
2,ivysaur,이상해풀,3,growl,,level-up,heartgold-soulsilver,pokeapi
2,ivysaur,이상해풀,7,leech-seed,,level-up,heartgold-soulsilver,pokeapi
2,ivysaur,이상해풀,9,vine-whip,,level-up,heartgold-soulsilver,pokeapi
2,ivysaur,이상해풀,13,poison-powder,독가루,level-up,heartgold-soulsilver,pokeapi
2,ivysaur,이상해풀,13,sleep-powder,수면가루,level-up,heartgold-soulsilver,pokeapi
2,ivysaur,이상해풀,15,take-down,,level-up,heartgold-soulsilver,pokeapi
2,ivysaur,이상해풀,20,razor-leaf,잎날가르기,level-up,heartgold-soulsilver,pokeapi
2,ivysaur,이상해풀,23,sweet-scent,,level-up,heartgold-soulsilver,pokeapi
2,ivysaur,이상해풀,28,growth,,level-up,heartgold-soulsilver,pokeapi
2,ivysaur,이상해풀,31,double-edge,이판사판태클,level-up,heartgold-soulsilver,pokeapi
2,ivysaur,이상해풀,36,worry-seed,,level-up,heartgold-soulsilver,pokeapi
2,ivysaur,이상해풀,39,synthesis,광합성,level-up,heartgold-soulsilver,pokeapi
2,ivysaur,이상해풀,44,solar-beam,,level-up,heartgold-soulsilver,pokeapi
3,venusaur,이상해꽃,1,growl,,level-up,heartgold-soulsilver,pokeapi
3,venusaur,이상해꽃,1,leech-seed,,level-up,heartgold-soulsilver,pokeapi
3,venusaur,이상해꽃,1,tackle,,level-up,heartgold-soulsilver,pokeapi
3,venusaur,이상해꽃,1,vine-whip,,level-up,heartgold-soulsilver,pokeapi
3,venusaur,이상해꽃,3,growl,,level-up,heartgold-soulsilver,pokeapi
3,venusaur,이상해꽃,7,leech-seed,,level-up,heartgold-soulsilver,pokeapi
3,venusaur,이상해꽃,9,vine-whip,,level-up,heartgold-soulsilver,pokeapi
3,venusaur,이상해꽃,13,poison-powder,독가루,level-up,heartgold-soulsilver,pokeapi
3,venusaur,이상해꽃,13,sleep-powder,수면가루,level-up,heartgold-soulsilver,pokeapi
3,venusaur,이상해꽃,15,take-down,,level-up,heartgold-soulsilver,pokeapi
3,venusaur,이상해꽃,20,razor-leaf,잎날가르기,level-up,heartgold-soulsilver,pokeapi
3,venusaur,이상해꽃,23,sweet-scent,,level-up,heartgold-soulsilver,pokeapi
3,venusaur,이상해꽃,28,growth,,level-up,heartgold-soulsilver,pokeapi
3,venusaur,이상해꽃,31,double-edge,이판사판태클,level-up,heartgold-soulsilver,pokeapi
3,venusaur,이상해꽃,32,petal-dance,,level-up,heartgold-soulsilver,pokeapi
3,venusaur,이상해꽃,39,worry-seed,,level-up,heartgold-soulsilver,pokeapi
3,venusaur,이상해꽃,45,synthesis,광합성,level-up,heartgold-soulsilver,pokeapi
3,venusaur,이상해꽃,53,solar-beam,,level-up,heartgold-soulsilver,pokeapi
4,charmander,파이리,1,growl,,level-up,heartgold-soulsilver,pokeapi
4,charmander,파이리,1,scratch,,level-up,heartgold-soulsilver,pokeapi
4,charmander,파이리,7,ember,작은불꽃,level-up,heartgold-soulsilver,pokeapi
4,charmander,파이리,10,smokescreen,연막,level-up,heartgold-soulsilver,pokeapi
4,charmander,파이리,16,dragon-rage,,level-up,heartgold-soulsilver,pokeapi
4,charmander,파이리,19,scary-face,겁나는얼굴,level-up,heartgold-soulsilver,pokeapi
4,charmander,파이리,25,fire-fang,,level-up,heartgold-soulsilver,pokeapi
4,charmander,파이리,28,slash,베어가르기,level-up,heartgold-soulsilver,pokeapi
4,charmander,파이리,34,flamethrower,화염방사,level-up,heartgold-soulsilver,pokeapi
4,charmander,파이리,37,fire-spin,,level-up,heartgold-soulsilver,pokeapi
5,charmeleon,리자드,1,ember,작은불꽃,level-up,heartgold-soulsilver,pokeapi
5,charmeleon,리자드,1,growl,,level-up,heartgold-soulsilver,pokeapi
5,charmeleon,리자드,1,scratch,,level-up,heartgold-soulsilver,pokeapi
5,charmeleon,리자드,7,ember,작은불꽃,level-up,heartgold-soulsilver,pokeapi
5,charmeleon,리자드,10,smokescreen,연막,level-up,heartgold-soulsilver,pokeapi
5,charmeleon,리자드,17,dragon-rage,,level-up,heartgold-soulsilver,pokeapi
5,charmeleon,리자드,21,scary-face,겁나는얼굴,level-up,heartgold-soulsilver,pokeapi
5,charmeleon,리자드,28,fire-fang,,level-up,heartgold-soulsilver,pokeapi
5,charmeleon,리자드,32,slash,베어가르기,level-up,heartgold-soulsilver,pokeapi
5,charmeleon,리자드,39,flamethrower,화염방사,level-up,heartgold-soulsilver,pokeapi
5,charmeleon,리자드,43,fire-spin,,level-up,heartgold-soulsilver,pokeapi
6,charizard,리자몽,1,air-slash,에어슬래시,level-up,heartgold-soulsilver,pokeapi
6,charizard,리자몽,1,dragon-claw,드래곤클로,level-up,heartgold-soulsilver,pokeapi
6,charizard,리자몽,1,ember,작은불꽃,level-up,heartgold-soulsilver,pokeapi
6,charizard,리자몽,1,growl,,level-up,heartgold-soulsilver,pokeapi
6,charizard,리자몽,1,scratch,,level-up,heartgold-soulsilver,pokeapi
6,charizard,리자몽,1,shadow-claw,섀도크루,level-up,heartgold-soulsilver,pokeapi
6,charizard,리자몽,1,smokescreen,연막,level-up,heartgold-soulsilver,pokeapi
6,charizard,리자몽,7,ember,작은불꽃,level-up,heartgold-soulsilver,pokeapi
6,charizard,리자몽,10,smokescreen,연막,level-up,heartgold-soulsilver,pokeapi
6,charizard,리자몽,17,dragon-rage,,level-up,heartgold-soulsilver,pokeapi
6,charizard,리자몽,21,scary-face,겁나는얼굴,level-up,heartgold-soulsilver,pokeapi
6,charizard,리자몽,28,fire-fang,,level-up,heartgold-soulsilver,pokeapi
6,charizard,리자몽,32,slash,베어가르기,level-up,heartgold-soulsilver,pokeapi
6,charizard,리자몽,36,wing-attack,날개치기,level-up,heartgold-soulsilver,pokeapi
6,charizard,리자몽,42,flamethrower,화염방사,level-up,heartgold-soulsilver,pokeapi
6,charizard,리자몽,49,fire-spin,,level-up,heartgold-soulsilver,pokeapi
6,charizard,리자몽,59,heat-wave,,level-up,heartgold-soulsilver,pokeapi
6,charizard,리자몽,66,flare-blitz,플레어드라이브,level-up,heartgold-soulsilver,pokeapi
7,squirtle,꼬부기,1,tackle,,level-up,heartgold-soulsilver,pokeapi
7,squirtle,꼬부기,4,tail-whip,꼬리흔들기,level-up,heartgold-soulsilver,pokeapi
7,squirtle,꼬부기,7,bubble,거품,level-up,heartgold-soulsilver,pokeapi
7,squirtle,꼬부기,10,withdraw,,level-up,heartgold-soulsilver,pokeapi
7,squirtle,꼬부기,13,water-gun,,level-up,heartgold-soulsilver,pokeapi
7,squirtle,꼬부기,16,bite,물기,level-up,heartgold-soulsilver,pokeapi
7,squirtle,꼬부기,19,rapid-spin,,level-up,heartgold-soulsilver,pokeapi
7,squirtle,꼬부기,22,protect,,level-up,heartgold-soulsilver,pokeapi
7,squirtle,꼬부기,25,water-pulse,물의파동,level-up,heartgold-soulsilver,pokeapi
7,squirtle,꼬부기,28,aqua-tail,아쿠아테일,level-up,heartgold-soulsilver,pokeapi
7,squirtle,꼬부기,31,skull-bash,,level-up,heartgold-soulsilver,pokeapi
7,squirtle,꼬부기,34,iron-defense,철벽,level-up,heartgold-soulsilver,pokeapi
7,squirtle,꼬부기,37,rain-dance,,level-up,heartgold-soulsilver,pokeapi
7,squirtle,꼬부기,40,hydro-pump,하이드로펌프,level-up,heartgold-soulsilver,pokeapi
8,wartortle,어니부기,1,bubble,거품,level-up,heartgold-soulsilver,pokeapi
8,wartortle,어니부기,1,tackle,,level-up,heartgold-soulsilver,pokeapi
8,wartortle,어니부기,1,tail-whip,꼬리흔들기,level-up,heartgold-soulsilver,pokeapi
8,wartortle,어니부기,4,tail-whip,꼬리흔들기,level-up,heartgold-soulsilver,pokeapi
8,wartortle,어니부기,7,bubble,거품,level-up,heartgold-soulsilver,pokeapi
8,wartortle,어니부기,10,withdraw,,level-up,heartgold-soulsilver,pokeapi
8,wartortle,어니부기,13,water-gun,,level-up,heartgold-soulsilver,pokeapi
8,wartortle,어니부기,16,bite,물기,level-up,heartgold-soulsilver,pokeapi
8,wartortle,어니부기,20,rapid-spin,,level-up,heartgold-soulsilver,pokeapi
8,wartortle,어니부기,24,protect,,level-up,heartgold-soulsilver,pokeapi
8,wartortle,어니부기,28,water-pulse,물의파동,level-up,heartgold-soulsilver,pokeapi
8,wartortle,어니부기,32,aqua-tail,아쿠아테일,level-up,heartgold-soulsilver,pokeapi
8,wartortle,어니부기,36,skull-bash,,level-up,heartgold-soulsilver,pokeapi
8,wartortle,어니부기,40,iron-defense,철벽,level-up,heartgold-soulsilver,pokeapi
8,wartortle,어니부기,44,rain-dance,,level-up,heartgold-soulsilver,pokeapi
8,wartortle,어니부기,48,hydro-pump,하이드로펌프,level-up,heartgold-soulsilver,pokeapi
9,blastoise,거북왕,1,bubble,거품,level-up,heartgold-soulsilver,pokeapi
9,blastoise,거북왕,1,flash-cannon,플래시캐논,level-up,heartgold-soulsilver,pokeapi
9,blastoise,거북왕,1,tackle,,level-up,heartgold-soulsilver,pokeapi
9,blastoise,거북왕,1,tail-whip,꼬리흔들기,level-up,heartgold-soulsilver,pokeapi
9,blastoise,거북왕,1,withdraw,,level-up,heartgold-soulsilver,pokeapi
9,blastoise,거북왕,4,tail-whip,꼬리흔들기,level-up,heartgold-soulsilver,pokeapi
9,blastoise,거북왕,7,bubble,거품,level-up,heartgold-soulsilver,pokeapi
9,blastoise,거북왕,10,withdraw,,level-up,heartgold-soulsilver,pokeapi
9,blastoise,거북왕,13,water-gun,,level-up,heartgold-soulsilver,pokeapi
9,blastoise,거북왕,16,bite,물기,level-up,heartgold-soulsilver,pokeapi
9,blastoise,거북왕,20,rapid-spin,,level-up,heartgold-soulsilver,pokeapi
9,blastoise,거북왕,24,protect,,level-up,heartgold-soulsilver,pokeapi
9,blastoise,거북왕,28,water-pulse,물의파동,level-up,heartgold-soulsilver,pokeapi
9,blastoise,거북왕,32,aqua-tail,아쿠아테일,level-up,heartgold-soulsilver,pokeapi
9,blastoise,거북왕,39,skull-bash,,level-up,heartgold-soulsilver,pokeapi
9,blastoise,거북왕,46,iron-defense,철벽,level-up,heartgold-soulsilver,pokeapi
9,blastoise,거북왕,53,rain-dance,,level-up,heartgold-soulsilver,pokeapi
9,blastoise,거북왕,60,hydro-pump,하이드로펌프,level-up,heartgold-soulsilver,pokeapi
10,caterpie,캐터피,1,string-shot,실뿜기,level-up,heartgold-soulsilver,pokeapi
10,caterpie,캐터피,1,tackle,,level-up,heartgold-soulsilver,pokeapi
10,caterpie,캐터피,15,bug-bite,벌레먹음,level-up,heartgold-soulsilver,pokeapi
11,metapod,단데기,1,harden,방어태세,level-up,heartgold-soulsilver,pokeapi
11,metapod,단데기,7,harden,방어태세,level-up,heartgold-soulsilver,pokeapi
12,butterfree,버터플,1,confusion,염동력,level-up,heartgold-soulsilver,pokeapi
12,butterfree,버터플,10,confusion,염동력,level-up,heartgold-soulsilver,pokeapi
12,butterfree,버터플,12,poison-powder,독가루,level-up,heartgold-soulsilver,pokeapi
12,butterfree,버터플,12,sleep-powder,수면가루,level-up,heartgold-soulsilver,pokeapi
12,butterfree,버터플,12,stun-spore,,level-up,heartgold-soulsilver,pokeapi
12,butterfree,버터플,16,gust,바람일으키기,level-up,heartgold-soulsilver,pokeapi
12,butterfree,버터플,18,supersonic,,level-up,heartgold-soulsilver,pokeapi
12,butterfree,버터플,22,whirlwind,,level-up,heartgold-soulsilver,pokeapi
12,butterfree,버터플,24,psybeam,,level-up,heartgold-soulsilver,pokeapi
12,butterfree,버터플,28,silver-wind,,level-up,heartgold-soulsilver,pokeapi
12,butterfree,버터플,30,tailwind,,level-up,heartgold-soulsilver,pokeapi
12,butterfree,버터플,34,safeguard,,level-up,heartgold-soulsilver,pokeapi
12,butterfree,버터플,36,captivate,,level-up,heartgold-soulsilver,pokeapi
12,butterfree,버터플,40,bug-buzz,,level-up,heartgold-soulsilver,pokeapi
13,weedle,뿔충이,1,poison-sting,독침,level-up,heartgold-soulsilver,pokeapi
13,weedle,뿔충이,1,string-shot,실뿜기,level-up,heartgold-soulsilver,pokeapi
13,weedle,뿔충이,15,bug-bite,벌레먹음,level-up,heartgold-soulsilver,pokeapi
14,kakuna,딱충이,1,harden,방어태세,level-up,heartgold-soulsilver,pokeapi
14,kakuna,딱충이,7,harden,방어태세,level-up,heartgold-soulsilver,pokeapi
15,beedrill,독침붕,1,fury-attack,,level-up,heartgold-soulsilver,pokeapi
15,beedrill,독침붕,10,fury-attack,,level-up,heartgold-soulsilver,pokeapi
15,beedrill,독침붕,13,focus-energy,,level-up,heartgold-soulsilver,pokeapi
15,beedrill,독침붕,16,twineedle,,level-up,heartgold-soulsilver,pokeapi
15,beedrill,독침붕,19,rage,,level-up,heartgold-soulsilver,pokeapi
15,beedrill,독침붕,22,pursuit,따라가때리기,level-up,heartgold-soulsilver,pokeapi
15,beedrill,독침붕,25,toxic-spikes,,level-up,heartgold-soulsilver,pokeapi
15,beedrill,독침붕,28,pin-missile,바늘미사일,level-up,heartgold-soulsilver,pokeapi
15,beedrill,독침붕,31,agility,고속이동,level-up,heartgold-soulsilver,pokeapi
15,beedrill,독침붕,34,assurance,,level-up,heartgold-soulsilver,pokeapi
15,beedrill,독침붕,37,poison-jab,독찌르기,level-up,heartgold-soulsilver,pokeapi
15,beedrill,독침붕,40,endeavor,,level-up,heartgold-soulsilver,pokeapi
16,pidgey,구구,1,tackle,,level-up,heartgold-soulsilver,pokeapi
16,pidgey,구구,5,sand-attack,,level-up,heartgold-soulsilver,pokeapi
16,pidgey,구구,9,gust,바람일으키기,level-up,heartgold-soulsilver,pokeapi
16,pidgey,구구,13,quick-attack,전광석화,level-up,heartgold-soulsilver,pokeapi
16,pidgey,구구,17,whirlwind,,level-up,heartgold-soulsilver,pokeapi
16,pidgey,구구,21,twister,회오리,level-up,heartgold-soulsilver,pokeapi
16,pidgey,구구,25,feather-dance,깃털댄스,level-up,heartgold-soulsilver,pokeapi
16,pidgey,구구,29,agility,고속이동,level-up,heartgold-soulsilver,pokeapi
16,pidgey,구구,33,wing-attack,날개치기,level-up,heartgold-soulsilver,pokeapi
16,pidgey,구구,37,roost,,level-up,heartgold-soulsilver,pokeapi
16,pidgey,구구,41,tailwind,,level-up,heartgold-soulsilver,pokeapi
16,pidgey,구구,45,mirror-move,,level-up,heartgold-soulsilver,pokeapi
16,pidgey,구구,49,air-slash,에어슬래시,level-up,heartgold-soulsilver,pokeapi
17,pidgeotto,피죤,1,gust,바람일으키기,level-up,heartgold-soulsilver,pokeapi
17,pidgeotto,피죤,1,sand-attack,,level-up,heartgold-soulsilver,pokeapi
17,pidgeotto,피죤,1,tackle,,level-up,heartgold-soulsilver,pokeapi
17,pidgeotto,피죤,5,sand-attack,,level-up,heartgold-soulsilver,pokeapi
17,pidgeotto,피죤,9,gust,바람일으키기,level-up,heartgold-soulsilver,pokeapi
17,pidgeotto,피죤,13,quick-attack,전광석화,level-up,heartgold-soulsilver,pokeapi
17,pidgeotto,피죤,17,whirlwind,,level-up,heartgold-soulsilver,pokeapi
17,pidgeotto,피죤,22,twister,회오리,level-up,heartgold-soulsilver,pokeapi
17,pidgeotto,피죤,27,feather-dance,깃털댄스,level-up,heartgold-soulsilver,pokeapi
17,pidgeotto,피죤,32,agility,고속이동,level-up,heartgold-soulsilver,pokeapi
17,pidgeotto,피죤,37,wing-attack,날개치기,level-up,heartgold-soulsilver,pokeapi
17,pidgeotto,피죤,42,roost,,level-up,heartgold-soulsilver,pokeapi
17,pidgeotto,피죤,47,tailwind,,level-up,heartgold-soulsilver,pokeapi
17,pidgeotto,피죤,52,mirror-move,,level-up,heartgold-soulsilver,pokeapi
17,pidgeotto,피죤,57,air-slash,에어슬래시,level-up,heartgold-soulsilver,pokeapi
18,pidgeot,피죳,1,gust,바람일으키기,level-up,heartgold-soulsilver,pokeapi
18,pidgeot,피죳,1,quick-attack,전광석화,level-up,heartgold-soulsilver,pokeapi
18,pidgeot,피죳,1,sand-attack,,level-up,heartgold-soulsilver,pokeapi
18,pidgeot,피죳,1,tackle,,level-up,heartgold-soulsilver,pokeapi
18,pidgeot,피죳,5,sand-attack,,level-up,heartgold-soulsilver,pokeapi
18,pidgeot,피죳,9,gust,바람일으키기,level-up,heartgold-soulsilver,pokeapi
18,pidgeot,피죳,13,quick-attack,전광석화,level-up,heartgold-soulsilver,pokeapi
18,pidgeot,피죳,17,whirlwind,,level-up,heartgold-soulsilver,pokeapi
18,pidgeot,피죳,22,twister,회오리,level-up,heartgold-soulsilver,pokeapi
18,pidgeot,피죳,27,feather-dance,깃털댄스,level-up,heartgold-soulsilver,pokeapi
18,pidgeot,피죳,32,agility,고속이동,level-up,heartgold-soulsilver,pokeapi
18,pidgeot,피죳,38,wing-attack,날개치기,level-up,heartgold-soulsilver,pokeapi
18,pidgeot,피죳,44,roost,,level-up,heartgold-soulsilver,pokeapi
18,pidgeot,피죳,50,tailwind,,level-up,heartgold-soulsilver,pokeapi
18,pidgeot,피죳,56,mirror-move,,level-up,heartgold-soulsilver,pokeapi
18,pidgeot,피죳,62,air-slash,에어슬래시,level-up,heartgold-soulsilver,pokeapi
19,rattata,꼬렛,1,tackle,,level-up,heartgold-soulsilver,pokeapi
19,rattata,꼬렛,1,tail-whip,꼬리흔들기,level-up,heartgold-soulsilver,pokeapi
19,rattata,꼬렛,4,quick-attack,전광석화,level-up,heartgold-soulsilver,pokeapi
19,rattata,꼬렛,7,focus-energy,,level-up,heartgold-soulsilver,pokeapi
19,rattata,꼬렛,10,bite,물기,level-up,heartgold-soulsilver,pokeapi
19,rattata,꼬렛,13,pursuit,따라가때리기,level-up,heartgold-soulsilver,pokeapi
19,rattata,꼬렛,16,hyper-fang,,level-up,heartgold-soulsilver,pokeapi
19,rattata,꼬렛,19,sucker-punch,기습,level-up,heartgold-soulsilver,pokeapi
19,rattata,꼬렛,22,crunch,깨물어부수기,level-up,heartgold-soulsilver,pokeapi
19,rattata,꼬렛,25,assurance,,level-up,heartgold-soulsilver,pokeapi
19,rattata,꼬렛,28,super-fang,,level-up,heartgold-soulsilver,pokeapi
19,rattata,꼬렛,31,double-edge,이판사판태클,level-up,heartgold-soulsilver,pokeapi
19,rattata,꼬렛,34,endeavor,,level-up,heartgold-soulsilver,pokeapi
20,raticate,레트라,1,focus-energy,,level-up,heartgold-soulsilver,pokeapi
20,raticate,레트라,1,quick-attack,전광석화,level-up,heartgold-soulsilver,pokeapi
20,raticate,레트라,1,swords-dance,칼춤,level-up,heartgold-soulsilver,pokeapi
20,raticate,레트라,1,tackle,,level-up,heartgold-soulsilver,pokeapi
20,raticate,레트라,1,tail-whip,꼬리흔들기,level-up,heartgold-soulsilver,pokeapi
20,raticate,레트라,4,quick-attack,전광석화,level-up,heartgold-soulsilver,pokeapi
20,raticate,레트라,7,focus-energy,,level-up,heartgold-soulsilver,pokeapi
20,raticate,레트라,10,bite,물기,level-up,heartgold-soulsilver,pokeapi
20,raticate,레트라,13,pursuit,따라가때리기,level-up,heartgold-soulsilver,pokeapi
20,raticate,레트라,16,hyper-fang,,level-up,heartgold-soulsilver,pokeapi
20,raticate,레트라,19,sucker-punch,기습,level-up,heartgold-soulsilver,pokeapi
20,raticate,레트라,20,scary-face,겁나는얼굴,level-up,heartgold-soulsilver,pokeapi
20,raticate,레트라,24,crunch,깨물어부수기,level-up,heartgold-soulsilver,pokeapi
20,raticate,레트라,29,assurance,,level-up,heartgold-soulsilver,pokeapi
20,raticate,레트라,34,super-fang,,level-up,heartgold-soulsilver,pokeapi
20,raticate,레트라,39,double-edge,이판사판태클,level-up,heartgold-soulsilver,pokeapi
20,raticate,레트라,44,endeavor,,level-up,heartgold-soulsilver,pokeapi
21,spearow,깨비참,1,growl,,level-up,heartgold-soulsilver,pokeapi
21,spearow,깨비참,1,peck,쪼기,level-up,heartgold-soulsilver,pokeapi
21,spearow,깨비참,5,leer,,level-up,heartgold-soulsilver,pokeapi
21,spearow,깨비참,9,fury-attack,,level-up,heartgold-soulsilver,pokeapi
21,spearow,깨비참,13,pursuit,따라가때리기,level-up,heartgold-soulsilver,pokeapi
21,spearow,깨비참,17,aerial-ace,제비반환,level-up,heartgold-soulsilver,pokeapi
21,spearow,깨비참,21,mirror-move,,level-up,heartgold-soulsilver,pokeapi
21,spearow,깨비참,25,agility,고속이동,level-up,heartgold-soulsilver,pokeapi
21,spearow,깨비참,29,assurance,,level-up,heartgold-soulsilver,pokeapi
21,spearow,깨비참,33,roost,,level-up,heartgold-soulsilver,pokeapi
21,spearow,깨비참,37,drill-peck,,level-up,heartgold-soulsilver,pokeapi
22,fearow,깨비드릴조,1,fury-attack,,level-up,heartgold-soulsilver,pokeapi
22,fearow,깨비드릴조,1,growl,,level-up,heartgold-soulsilver,pokeapi
22,fearow,깨비드릴조,1,leer,,level-up,heartgold-soulsilver,pokeapi
22,fearow,깨비드릴조,1,peck,쪼기,level-up,heartgold-soulsilver,pokeapi
22,fearow,깨비드릴조,1,pluck,,level-up,heartgold-soulsilver,pokeapi
22,fearow,깨비드릴조,5,leer,,level-up,heartgold-soulsilver,pokeapi
22,fearow,깨비드릴조,9,fury-attack,,level-up,heartgold-soulsilver,pokeapi
22,fearow,깨비드릴조,13,pursuit,따라가때리기,level-up,heartgold-soulsilver,pokeapi
22,fearow,깨비드릴조,17,aerial-ace,제비반환,level-up,heartgold-soulsilver,pokeapi
22,fearow,깨비드릴조,23,mirror-move,,level-up,heartgold-soulsilver,pokeapi
22,fearow,깨비드릴조,29,agility,고속이동,level-up,heartgold-soulsilver,pokeapi
22,fearow,깨비드릴조,35,assurance,,level-up,heartgold-soulsilver,pokeapi
22,fearow,깨비드릴조,41,roost,,level-up,heartgold-soulsilver,pokeapi
22,fearow,깨비드릴조,47,drill-peck,,level-up,heartgold-soulsilver,pokeapi
23,ekans,아보,1,leer,,level-up,heartgold-soulsilver,pokeapi
23,ekans,아보,1,wrap,,level-up,heartgold-soulsilver,pokeapi
23,ekans,아보,4,poison-sting,독침,level-up,heartgold-soulsilver,pokeapi
23,ekans,아보,9,bite,물기,level-up,heartgold-soulsilver,pokeapi
23,ekans,아보,12,glare,,level-up,heartgold-soulsilver,pokeapi
23,ekans,아보,17,screech,싫은소리,level-up,heartgold-soulsilver,pokeapi
23,ekans,아보,20,acid,용해액,level-up,heartgold-soulsilver,pokeapi
23,ekans,아보,25,spit-up,,level-up,heartgold-soulsilver,pokeapi
23,ekans,아보,25,stockpile,,level-up,heartgold-soulsilver,pokeapi
23,ekans,아보,25,swallow,,level-up,heartgold-soulsilver,pokeapi
23,ekans,아보,28,mud-bomb,진흙폭탄,level-up,heartgold-soulsilver,pokeapi
23,ekans,아보,33,gastro-acid,,level-up,heartgold-soulsilver,pokeapi
23,ekans,아보,36,haze,,level-up,heartgold-soulsilver,pokeapi
23,ekans,아보,41,gunk-shot,,level-up,heartgold-soulsilver,pokeapi
24,arbok,아보크,1,bite,물기,level-up,heartgold-soulsilver,pokeapi
24,arbok,아보크,1,fire-fang,,level-up,heartgold-soulsilver,pokeapi
24,arbok,아보크,1,ice-fang,,level-up,heartgold-soulsilver,pokeapi
24,arbok,아보크,1,leer,,level-up,heartgold-soulsilver,pokeapi
24,arbok,아보크,1,poison-sting,독침,level-up,heartgold-soulsilver,pokeapi
24,arbok,아보크,1,thunder-fang,,level-up,heartgold-soulsilver,pokeapi
24,arbok,아보크,1,wrap,,level-up,heartgold-soulsilver,pokeapi
24,arbok,아보크,4,poison-sting,독침,level-up,heartgold-soulsilver,pokeapi
24,arbok,아보크,9,bite,물기,level-up,heartgold-soulsilver,pokeapi
24,arbok,아보크,12,glare,,level-up,heartgold-soulsilver,pokeapi
24,arbok,아보크,17,screech,싫은소리,level-up,heartgold-soulsilver,pokeapi
24,arbok,아보크,20,acid,용해액,level-up,heartgold-soulsilver,pokeapi
24,arbok,아보크,22,crunch,깨물어부수기,level-up,heartgold-soulsilver,pokeapi
24,arbok,아보크,28,spit-up,,level-up,heartgold-soulsilver,pokeapi
24,arbok,아보크,28,stockpile,,level-up,heartgold-soulsilver,pokeapi
24,arbok,아보크,28,swallow,,level-up,heartgold-soulsilver,pokeapi
24,arbok,아보크,34,mud-bomb,진흙폭탄,level-up,heartgold-soulsilver,pokeapi
24,arbok,아보크,42,gastro-acid,,level-up,heartgold-soulsilver,pokeapi
24,arbok,아보크,48,haze,,level-up,heartgold-soulsilver,pokeapi
24,arbok,아보크,56,gunk-shot,,level-up,heartgold-soulsilver,pokeapi
25,pikachu,피카츄,1,growl,,level-up,heartgold-soulsilver,pokeapi
25,pikachu,피카츄,1,thunder-shock,,level-up,heartgold-soulsilver,pokeapi
25,pikachu,피카츄,5,tail-whip,꼬리흔들기,level-up,heartgold-soulsilver,pokeapi
25,pikachu,피카츄,10,thunder-wave,전기자석파,level-up,heartgold-soulsilver,pokeapi
25,pikachu,피카츄,13,quick-attack,전광석화,level-up,heartgold-soulsilver,pokeapi
25,pikachu,피카츄,18,double-team,,level-up,heartgold-soulsilver,pokeapi
25,pikachu,피카츄,21,slam,,level-up,heartgold-soulsilver,pokeapi
25,pikachu,피카츄,26,thunderbolt,10만볼트,level-up,heartgold-soulsilver,pokeapi
25,pikachu,피카츄,29,feint,,level-up,heartgold-soulsilver,pokeapi
25,pikachu,피카츄,34,agility,고속이동,level-up,heartgold-soulsilver,pokeapi
25,pikachu,피카츄,37,discharge,,level-up,heartgold-soulsilver,pokeapi
25,pikachu,피카츄,42,light-screen,,level-up,heartgold-soulsilver,pokeapi
25,pikachu,피카츄,45,thunder,번개,level-up,heartgold-soulsilver,pokeapi
26,raichu,라이츄,1,quick-attack,전광석화,level-up,heartgold-soulsilver,pokeapi
26,raichu,라이츄,1,tail-whip,꼬리흔들기,level-up,heartgold-soulsilver,pokeapi
26,raichu,라이츄,1,thunder-shock,,level-up,heartgold-soulsilver,pokeapi
26,raichu,라이츄,1,thunderbolt,10만볼트,level-up,heartgold-soulsilver,pokeapi
27,sandshrew,모래두지,1,scratch,,level-up,heartgold-soulsilver,pokeapi
27,sandshrew,모래두지,3,defense-curl,,level-up,heartgold-soulsilver,pokeapi
27,sandshrew,모래두지,7,sand-attack,,level-up,heartgold-soulsilver,pokeapi
27,sandshrew,모래두지,9,poison-sting,독침,level-up,heartgold-soulsilver,pokeapi
27,sandshrew,모래두지,13,rapid-spin,,level-up,heartgold-soulsilver,pokeapi
27,sandshrew,모래두지,15,swift,스피드스타,level-up,heartgold-soulsilver,pokeapi
27,sandshrew,모래두지,19,fury-swipes,,level-up,heartgold-soulsilver,pokeapi
27,sandshrew,모래두지,21,rollout,,level-up,heartgold-soulsilver,pokeapi
27,sandshrew,모래두지,25,fury-cutter,연속자르기,level-up,heartgold-soulsilver,pokeapi
27,sandshrew,모래두지,27,sand-tomb,,level-up,heartgold-soulsilver,pokeapi
27,sandshrew,모래두지,31,slash,베어가르기,level-up,heartgold-soulsilver,pokeapi
27,sandshrew,모래두지,33,gyro-ball,,level-up,heartgold-soulsilver,pokeapi
27,sandshrew,모래두지,37,sandstorm,,level-up,heartgold-soulsilver,pokeapi
28,sandslash,고지,1,defense-curl,,level-up,heartgold-soulsilver,pokeapi
28,sandslash,고지,1,sand-attack,,level-up,heartgold-soulsilver,pokeapi
28,sandslash,고지,1,scratch,,level-up,heartgold-soulsilver,pokeapi
28,sandslash,고지,3,defense-curl,,level-up,heartgold-soulsilver,pokeapi
28,sandslash,고지,7,sand-attack,,level-up,heartgold-soulsilver,pokeapi
28,sandslash,고지,9,poison-sting,독침,level-up,heartgold-soulsilver,pokeapi
28,sandslash,고지,13,rapid-spin,,level-up,heartgold-soulsilver,pokeapi
28,sandslash,고지,15,swift,스피드스타,level-up,heartgold-soulsilver,pokeapi
28,sandslash,고지,19,fury-swipes,,level-up,heartgold-soulsilver,pokeapi
28,sandslash,고지,21,rollout,,level-up,heartgold-soulsilver,pokeapi
28,sandslash,고지,22,crush-claw,,level-up,heartgold-soulsilver,pokeapi
28,sandslash,고지,28,fury-cutter,연속자르기,level-up,heartgold-soulsilver,pokeapi
28,sandslash,고지,33,sand-tomb,,level-up,heartgold-soulsilver,pokeapi
28,sandslash,고지,40,slash,베어가르기,level-up,heartgold-soulsilver,pokeapi
28,sandslash,고지,45,gyro-ball,,level-up,heartgold-soulsilver,pokeapi
28,sandslash,고지,52,sandstorm,,level-up,heartgold-soulsilver,pokeapi
29,nidoran-f,니드런♀,1,growl,,level-up,heartgold-soulsilver,pokeapi
29,nidoran-f,니드런♀,1,scratch,,level-up,heartgold-soulsilver,pokeapi
29,nidoran-f,니드런♀,7,tail-whip,꼬리흔들기,level-up,heartgold-soulsilver,pokeapi
29,nidoran-f,니드런♀,9,double-kick,두번차기,level-up,heartgold-soulsilver,pokeapi
29,nidoran-f,니드런♀,13,poison-sting,독침,level-up,heartgold-soulsilver,pokeapi
29,nidoran-f,니드런♀,19,fury-swipes,,level-up,heartgold-soulsilver,pokeapi
29,nidoran-f,니드런♀,21,bite,물기,level-up,heartgold-soulsilver,pokeapi
29,nidoran-f,니드런♀,25,helping-hand,,level-up,heartgold-soulsilver,pokeapi
29,nidoran-f,니드런♀,31,toxic-spikes,,level-up,heartgold-soulsilver,pokeapi
29,nidoran-f,니드런♀,33,flatter,,level-up,heartgold-soulsilver,pokeapi
29,nidoran-f,니드런♀,37,crunch,깨물어부수기,level-up,heartgold-soulsilver,pokeapi
29,nidoran-f,니드런♀,43,captivate,,level-up,heartgold-soulsilver,pokeapi
29,nidoran-f,니드런♀,45,poison-fang,,level-up,heartgold-soulsilver,pokeapi
30,nidorina,니드리나,1,growl,,level-up,heartgold-soulsilver,pokeapi
30,nidorina,니드리나,1,scratch,,level-up,heartgold-soulsilver,pokeapi
30,nidorina,니드리나,7,tail-whip,꼬리흔들기,level-up,heartgold-soulsilver,pokeapi
30,nidorina,니드리나,9,double-kick,두번차기,level-up,heartgold-soulsilver,pokeapi
30,nidorina,니드리나,13,poison-sting,독침,level-up,heartgold-soulsilver,pokeapi
30,nidorina,니드리나,20,fury-swipes,,level-up,heartgold-soulsilver,pokeapi
30,nidorina,니드리나,23,bite,물기,level-up,heartgold-soulsilver,pokeapi
30,nidorina,니드리나,28,helping-hand,,level-up,heartgold-soulsilver,pokeapi
30,nidorina,니드리나,35,toxic-spikes,,level-up,heartgold-soulsilver,pokeapi
30,nidorina,니드리나,38,flatter,,level-up,heartgold-soulsilver,pokeapi
30,nidorina,니드리나,43,crunch,깨물어부수기,level-up,heartgold-soulsilver,pokeapi
30,nidorina,니드리나,50,captivate,,level-up,heartgold-soulsilver,pokeapi
30,nidorina,니드리나,58,poison-fang,,level-up,heartgold-soulsilver,pokeapi
31,nidoqueen,니드퀸,1,double-kick,두번차기,level-up,heartgold-soulsilver,pokeapi
31,nidoqueen,니드퀸,1,poison-sting,독침,level-up,heartgold-soulsilver,pokeapi
31,nidoqueen,니드퀸,1,scratch,,level-up,heartgold-soulsilver,pokeapi
31,nidoqueen,니드퀸,1,tail-whip,꼬리흔들기,level-up,heartgold-soulsilver,pokeapi
31,nidoqueen,니드퀸,23,body-slam,누르기,level-up,heartgold-soulsilver,pokeapi
31,nidoqueen,니드퀸,43,earth-power,,level-up,heartgold-soulsilver,pokeapi
31,nidoqueen,니드퀸,58,superpower,,level-up,heartgold-soulsilver,pokeapi
32,nidoran-m,니드런♂,1,leer,,level-up,heartgold-soulsilver,pokeapi
32,nidoran-m,니드런♂,1,peck,쪼기,level-up,heartgold-soulsilver,pokeapi
32,nidoran-m,니드런♂,7,focus-energy,,level-up,heartgold-soulsilver,pokeapi
32,nidoran-m,니드런♂,9,double-kick,두번차기,level-up,heartgold-soulsilver,pokeapi
32,nidoran-m,니드런♂,13,poison-sting,독침,level-up,heartgold-soulsilver,pokeapi
32,nidoran-m,니드런♂,19,fury-attack,,level-up,heartgold-soulsilver,pokeapi
32,nidoran-m,니드런♂,21,horn-attack,,level-up,heartgold-soulsilver,pokeapi
32,nidoran-m,니드런♂,25,helping-hand,,level-up,heartgold-soulsilver,pokeapi
32,nidoran-m,니드런♂,31,toxic-spikes,,level-up,heartgold-soulsilver,pokeapi
32,nidoran-m,니드런♂,33,flatter,,level-up,heartgold-soulsilver,pokeapi
32,nidoran-m,니드런♂,37,poison-jab,독찌르기,level-up,heartgold-soulsilver,pokeapi
32,nidoran-m,니드런♂,43,captivate,,level-up,heartgold-soulsilver,pokeapi
32,nidoran-m,니드런♂,45,horn-drill,,level-up,heartgold-soulsilver,pokeapi
33,nidorino,니드리노,1,leer,,level-up,heartgold-soulsilver,pokeapi
33,nidorino,니드리노,1,peck,쪼기,level-up,heartgold-soulsilver,pokeapi
33,nidorino,니드리노,7,focus-energy,,level-up,heartgold-soulsilver,pokeapi
33,nidorino,니드리노,9,double-kick,두번차기,level-up,heartgold-soulsilver,pokeapi
33,nidorino,니드리노,13,poison-sting,독침,level-up,heartgold-soulsilver,pokeapi
33,nidorino,니드리노,20,fury-attack,,level-up,heartgold-soulsilver,pokeapi
33,nidorino,니드리노,23,horn-attack,,level-up,heartgold-soulsilver,pokeapi
33,nidorino,니드리노,28,helping-hand,,level-up,heartgold-soulsilver,pokeapi
33,nidorino,니드리노,35,toxic-spikes,,level-up,heartgold-soulsilver,pokeapi
33,nidorino,니드리노,38,flatter,,level-up,heartgold-soulsilver,pokeapi
33,nidorino,니드리노,43,poison-jab,독찌르기,level-up,heartgold-soulsilver,pokeapi
33,nidorino,니드리노,50,captivate,,level-up,heartgold-soulsilver,pokeapi
33,nidorino,니드리노,58,horn-drill,,level-up,heartgold-soulsilver,pokeapi
34,nidoking,니드킹,1,double-kick,두번차기,level-up,heartgold-soulsilver,pokeapi
34,nidoking,니드킹,1,focus-energy,,level-up,heartgold-soulsilver,pokeapi
34,nidoking,니드킹,1,peck,쪼기,level-up,heartgold-soulsilver,pokeapi
34,nidoking,니드킹,1,poison-sting,독침,level-up,heartgold-soulsilver,pokeapi
34,nidoking,니드킹,23,thrash,,level-up,heartgold-soulsilver,pokeapi
34,nidoking,니드킹,43,earth-power,,level-up,heartgold-soulsilver,pokeapi
34,nidoking,니드킹,58,megahorn,,level-up,heartgold-soulsilver,pokeapi
35,clefairy,삐삐,1,growl,,level-up,heartgold-soulsilver,pokeapi
35,clefairy,삐삐,1,pound,,level-up,heartgold-soulsilver,pokeapi
35,clefairy,삐삐,4,encore,,level-up,heartgold-soulsilver,pokeapi
35,clefairy,삐삐,7,sing,노래하기,level-up,heartgold-soulsilver,pokeapi
35,clefairy,삐삐,10,double-slap,,level-up,heartgold-soulsilver,pokeapi
35,clefairy,삐삐,13,defense-curl,,level-up,heartgold-soulsilver,pokeapi
35,clefairy,삐삐,16,follow-me,,level-up,heartgold-soulsilver,pokeapi
35,clefairy,삐삐,19,minimize,,level-up,heartgold-soulsilver,pokeapi
35,clefairy,삐삐,22,wake-up-slap,,level-up,heartgold-soulsilver,pokeapi
35,clefairy,삐삐,25,cosmic-power,,level-up,heartgold-soulsilver,pokeapi
35,clefairy,삐삐,28,lucky-chant,,level-up,heartgold-soulsilver,pokeapi
35,clefairy,삐삐,31,metronome,,level-up,heartgold-soulsilver,pokeapi
35,clefairy,삐삐,34,gravity,,level-up,heartgold-soulsilver,pokeapi
35,clefairy,삐삐,37,moonlight,,level-up,heartgold-soulsilver,pokeapi
35,clefairy,삐삐,40,light-screen,,level-up,heartgold-soulsilver,pokeapi
35,clefairy,삐삐,43,meteor-mash,,level-up,heartgold-soulsilver,pokeapi
35,clefairy,삐삐,46,healing-wish,,level-up,heartgold-soulsilver,pokeapi
36,clefable,픽시,1,double-slap,,level-up,heartgold-soulsilver,pokeapi
36,clefable,픽시,1,metronome,,level-up,heartgold-soulsilver,pokeapi
36,clefable,픽시,1,minimize,,level-up,heartgold-soulsilver,pokeapi
36,clefable,픽시,1,sing,노래하기,level-up,heartgold-soulsilver,pokeapi
37,vulpix,식스테일,1,ember,작은불꽃,level-up,heartgold-soulsilver,pokeapi
37,vulpix,식스테일,4,tail-whip,꼬리흔들기,level-up,heartgold-soulsilver,pokeapi
37,vulpix,식스테일,7,roar,,level-up,heartgold-soulsilver,pokeapi
37,vulpix,식스테일,11,quick-attack,전광석화,level-up,heartgold-soulsilver,pokeapi
37,vulpix,식스테일,14,will-o-wisp,도깨비불,level-up,heartgold-soulsilver,pokeapi
37,vulpix,식스테일,17,confuse-ray,,level-up,heartgold-soulsilver,pokeapi
37,vulpix,식스테일,21,imprison,,level-up,heartgold-soulsilver,pokeapi
37,vulpix,식스테일,24,flamethrower,화염방사,level-up,heartgold-soulsilver,pokeapi
37,vulpix,식스테일,27,safeguard,,level-up,heartgold-soulsilver,pokeapi
37,vulpix,식스테일,31,payback,,level-up,heartgold-soulsilver,pokeapi
37,vulpix,식스테일,34,fire-spin,,level-up,heartgold-soulsilver,pokeapi
37,vulpix,식스테일,37,captivate,,level-up,heartgold-soulsilver,pokeapi
37,vulpix,식스테일,41,grudge,,level-up,heartgold-soulsilver,pokeapi
37,vulpix,식스테일,44,extrasensory,,level-up,heartgold-soulsilver,pokeapi
37,vulpix,식스테일,47,fire-blast,불대문자,level-up,heartgold-soulsilver,pokeapi
38,ninetales,나인테일,1,confuse-ray,,level-up,heartgold-soulsilver,pokeapi
38,ninetales,나인테일,1,ember,작은불꽃,level-up,heartgold-soulsilver,pokeapi
38,ninetales,나인테일,1,nasty-plot,나쁜음모,level-up,heartgold-soulsilver,pokeapi
38,ninetales,나인테일,1,quick-attack,전광석화,level-up,heartgold-soulsilver,pokeapi
38,ninetales,나인테일,1,safeguard,,level-up,heartgold-soulsilver,pokeapi
39,jigglypuff,푸린,1,sing,노래하기,level-up,heartgold-soulsilver,pokeapi
39,jigglypuff,푸린,5,defense-curl,,level-up,heartgold-soulsilver,pokeapi
39,jigglypuff,푸린,9,pound,,level-up,heartgold-soulsilver,pokeapi
39,jigglypuff,푸린,13,disable,,level-up,heartgold-soulsilver,pokeapi
39,jigglypuff,푸린,17,rollout,,level-up,heartgold-soulsilver,pokeapi
39,jigglypuff,푸린,21,double-slap,,level-up,heartgold-soulsilver,pokeapi
39,jigglypuff,푸린,25,rest,잠자기,level-up,heartgold-soulsilver,pokeapi
39,jigglypuff,푸린,29,body-slam,누르기,level-up,heartgold-soulsilver,pokeapi
39,jigglypuff,푸린,33,gyro-ball,,level-up,heartgold-soulsilver,pokeapi
39,jigglypuff,푸린,37,wake-up-slap,,level-up,heartgold-soulsilver,pokeapi
39,jigglypuff,푸린,41,mimic,,level-up,heartgold-soulsilver,pokeapi
39,jigglypuff,푸린,45,hyper-voice,,level-up,heartgold-soulsilver,pokeapi
39,jigglypuff,푸린,49,double-edge,이판사판태클,level-up,heartgold-soulsilver,pokeapi
40,wigglytuff,푸크린,1,defense-curl,,level-up,heartgold-soulsilver,pokeapi
40,wigglytuff,푸크린,1,disable,,level-up,heartgold-soulsilver,pokeapi
40,wigglytuff,푸크린,1,double-slap,,level-up,heartgold-soulsilver,pokeapi
40,wigglytuff,푸크린,1,sing,노래하기,level-up,heartgold-soulsilver,pokeapi
41,zubat,주뱃,1,leech-life,흡혈,level-up,heartgold-soulsilver,pokeapi
41,zubat,주뱃,5,supersonic,,level-up,heartgold-soulsilver,pokeapi
41,zubat,주뱃,9,astonish,놀래키기,level-up,heartgold-soulsilver,pokeapi
41,zubat,주뱃,13,bite,물기,level-up,heartgold-soulsilver,pokeapi
41,zubat,주뱃,17,wing-attack,날개치기,level-up,heartgold-soulsilver,pokeapi
41,zubat,주뱃,21,confuse-ray,,level-up,heartgold-soulsilver,pokeapi
41,zubat,주뱃,25,air-cutter,,level-up,heartgold-soulsilver,pokeapi
41,zubat,주뱃,29,mean-look,,level-up,heartgold-soulsilver,pokeapi
41,zubat,주뱃,33,poison-fang,,level-up,heartgold-soulsilver,pokeapi
41,zubat,주뱃,37,haze,,level-up,heartgold-soulsilver,pokeapi
41,zubat,주뱃,41,air-slash,에어슬래시,level-up,heartgold-soulsilver,pokeapi
42,golbat,골뱃,1,astonish,놀래키기,level-up,heartgold-soulsilver,pokeapi
42,golbat,골뱃,1,leech-life,흡혈,level-up,heartgold-soulsilver,pokeapi
42,golbat,골뱃,1,screech,싫은소리,level-up,heartgold-soulsilver,pokeapi
42,golbat,골뱃,1,supersonic,,level-up,heartgold-soulsilver,pokeapi
42,golbat,골뱃,5,supersonic,,level-up,heartgold-soulsilver,pokeapi
42,golbat,골뱃,9,astonish,놀래키기,level-up,heartgold-soulsilver,pokeapi
42,golbat,골뱃,13,bite,물기,level-up,heartgold-soulsilver,pokeapi
42,golbat,골뱃,17,wing-attack,날개치기,level-up,heartgold-soulsilver,pokeapi
42,golbat,골뱃,21,confuse-ray,,level-up,heartgold-soulsilver,pokeapi
42,golbat,골뱃,27,air-cutter,,level-up,heartgold-soulsilver,pokeapi
42,golbat,골뱃,33,mean-look,,level-up,heartgold-soulsilver,pokeapi
42,golbat,골뱃,39,poison-fang,,level-up,heartgold-soulsilver,pokeapi
42,golbat,골뱃,45,haze,,level-up,heartgold-soulsilver,pokeapi
42,golbat,골뱃,51,air-slash,에어슬래시,level-up,heartgold-soulsilver,pokeapi
43,oddish,뚜벅쵸,1,absorb,흡수,level-up,heartgold-soulsilver,pokeapi
43,oddish,뚜벅쵸,5,sweet-scent,,level-up,heartgold-soulsilver,pokeapi
43,oddish,뚜벅쵸,9,acid,용해액,level-up,heartgold-soulsilver,pokeapi
43,oddish,뚜벅쵸,13,poison-powder,독가루,level-up,heartgold-soulsilver,pokeapi
43,oddish,뚜벅쵸,15,stun-spore,,level-up,heartgold-soulsilver,pokeapi
43,oddish,뚜벅쵸,17,sleep-powder,수면가루,level-up,heartgold-soulsilver,pokeapi
43,oddish,뚜벅쵸,21,mega-drain,메가드레인,level-up,heartgold-soulsilver,pokeapi
43,oddish,뚜벅쵸,25,lucky-chant,,level-up,heartgold-soulsilver,pokeapi
43,oddish,뚜벅쵸,29,natural-gift,,level-up,heartgold-soulsilver,pokeapi
43,oddish,뚜벅쵸,33,moonlight,,level-up,heartgold-soulsilver,pokeapi
43,oddish,뚜벅쵸,37,giga-drain,기가드레인,level-up,heartgold-soulsilver,pokeapi
43,oddish,뚜벅쵸,41,petal-dance,,level-up,heartgold-soulsilver,pokeapi
44,gloom,냄새꼬,1,absorb,흡수,level-up,heartgold-soulsilver,pokeapi
44,gloom,냄새꼬,1,acid,용해액,level-up,heartgold-soulsilver,pokeapi
44,gloom,냄새꼬,1,sweet-scent,,level-up,heartgold-soulsilver,pokeapi
44,gloom,냄새꼬,5,sweet-scent,,level-up,heartgold-soulsilver,pokeapi
44,gloom,냄새꼬,9,acid,용해액,level-up,heartgold-soulsilver,pokeapi
44,gloom,냄새꼬,13,poison-powder,독가루,level-up,heartgold-soulsilver,pokeapi
44,gloom,냄새꼬,15,stun-spore,,level-up,heartgold-soulsilver,pokeapi
44,gloom,냄새꼬,17,sleep-powder,수면가루,level-up,heartgold-soulsilver,pokeapi
44,gloom,냄새꼬,23,mega-drain,메가드레인,level-up,heartgold-soulsilver,pokeapi
44,gloom,냄새꼬,29,lucky-chant,,level-up,heartgold-soulsilver,pokeapi
44,gloom,냄새꼬,35,natural-gift,,level-up,heartgold-soulsilver,pokeapi
44,gloom,냄새꼬,41,moonlight,,level-up,heartgold-soulsilver,pokeapi
44,gloom,냄새꼬,47,giga-drain,기가드레인,level-up,heartgold-soulsilver,pokeapi
44,gloom,냄새꼬,53,petal-dance,,level-up,heartgold-soulsilver,pokeapi
45,vileplume,라플레시아,1,aromatherapy,,level-up,heartgold-soulsilver,pokeapi
45,vileplume,라플레시아,1,mega-drain,메가드레인,level-up,heartgold-soulsilver,pokeapi
45,vileplume,라플레시아,1,poison-powder,독가루,level-up,heartgold-soulsilver,pokeapi
45,vileplume,라플레시아,1,stun-spore,,level-up,heartgold-soulsilver,pokeapi
45,vileplume,라플레시아,53,petal-dance,,level-up,heartgold-soulsilver,pokeapi
45,vileplume,라플레시아,65,solar-beam,,level-up,heartgold-soulsilver,pokeapi
46,paras,파라스,1,scratch,,level-up,heartgold-soulsilver,pokeapi
46,paras,파라스,6,poison-powder,독가루,level-up,heartgold-soulsilver,pokeapi
46,paras,파라스,6,stun-spore,,level-up,heartgold-soulsilver,pokeapi
46,paras,파라스,11,leech-life,흡혈,level-up,heartgold-soulsilver,pokeapi
46,paras,파라스,17,spore,,level-up,heartgold-soulsilver,pokeapi
46,paras,파라스,22,slash,베어가르기,level-up,heartgold-soulsilver,pokeapi
46,paras,파라스,27,growth,,level-up,heartgold-soulsilver,pokeapi
46,paras,파라스,33,giga-drain,기가드레인,level-up,heartgold-soulsilver,pokeapi
46,paras,파라스,38,aromatherapy,,level-up,heartgold-soulsilver,pokeapi
46,paras,파라스,43,x-scissor,시저크로스,level-up,heartgold-soulsilver,pokeapi
47,parasect,파라섹트,1,cross-poison,,level-up,heartgold-soulsilver,pokeapi
47,parasect,파라섹트,1,leech-life,흡혈,level-up,heartgold-soulsilver,pokeapi
47,parasect,파라섹트,1,poison-powder,독가루,level-up,heartgold-soulsilver,pokeapi
47,parasect,파라섹트,1,scratch,,level-up,heartgold-soulsilver,pokeapi
47,parasect,파라섹트,1,stun-spore,,level-up,heartgold-soulsilver,pokeapi
47,parasect,파라섹트,6,poison-powder,독가루,level-up,heartgold-soulsilver,pokeapi
47,parasect,파라섹트,6,stun-spore,,level-up,heartgold-soulsilver,pokeapi
47,parasect,파라섹트,11,leech-life,흡혈,level-up,heartgold-soulsilver,pokeapi
47,parasect,파라섹트,17,spore,,level-up,heartgold-soulsilver,pokeapi
47,parasect,파라섹트,22,slash,베어가르기,level-up,heartgold-soulsilver,pokeapi
47,parasect,파라섹트,30,growth,,level-up,heartgold-soulsilver,pokeapi
47,parasect,파라섹트,39,giga-drain,기가드레인,level-up,heartgold-soulsilver,pokeapi
47,parasect,파라섹트,47,aromatherapy,,level-up,heartgold-soulsilver,pokeapi
47,parasect,파라섹트,55,x-scissor,시저크로스,level-up,heartgold-soulsilver,pokeapi
48,venonat,콘팡,1,disable,,level-up,heartgold-soulsilver,pokeapi
48,venonat,콘팡,1,foresight,,level-up,heartgold-soulsilver,pokeapi
48,venonat,콘팡,1,tackle,,level-up,heartgold-soulsilver,pokeapi
48,venonat,콘팡,5,supersonic,,level-up,heartgold-soulsilver,pokeapi
48,venonat,콘팡,11,confusion,염동력,level-up,heartgold-soulsilver,pokeapi
48,venonat,콘팡,13,poison-powder,독가루,level-up,heartgold-soulsilver,pokeapi
48,venonat,콘팡,17,leech-life,흡혈,level-up,heartgold-soulsilver,pokeapi
48,venonat,콘팡,23,stun-spore,,level-up,heartgold-soulsilver,pokeapi
48,venonat,콘팡,25,psybeam,,level-up,heartgold-soulsilver,pokeapi
48,venonat,콘팡,29,sleep-powder,수면가루,level-up,heartgold-soulsilver,pokeapi
48,venonat,콘팡,35,signal-beam,,level-up,heartgold-soulsilver,pokeapi
48,venonat,콘팡,37,zen-headbutt,,level-up,heartgold-soulsilver,pokeapi
48,venonat,콘팡,41,poison-fang,,level-up,heartgold-soulsilver,pokeapi
48,venonat,콘팡,47,psychic,사이코키네시스,level-up,heartgold-soulsilver,pokeapi
49,venomoth,도나리,1,disable,,level-up,heartgold-soulsilver,pokeapi
49,venomoth,도나리,1,foresight,,level-up,heartgold-soulsilver,pokeapi
49,venomoth,도나리,1,silver-wind,,level-up,heartgold-soulsilver,pokeapi
49,venomoth,도나리,1,supersonic,,level-up,heartgold-soulsilver,pokeapi
49,venomoth,도나리,1,tackle,,level-up,heartgold-soulsilver,pokeapi
49,venomoth,도나리,5,supersonic,,level-up,heartgold-soulsilver,pokeapi
49,venomoth,도나리,11,confusion,염동력,level-up,heartgold-soulsilver,pokeapi
49,venomoth,도나리,13,poison-powder,독가루,level-up,heartgold-soulsilver,pokeapi
49,venomoth,도나리,17,leech-life,흡혈,level-up,heartgold-soulsilver,pokeapi
49,venomoth,도나리,23,stun-spore,,level-up,heartgold-soulsilver,pokeapi
49,venomoth,도나리,25,psybeam,,level-up,heartgold-soulsilver,pokeapi
49,venomoth,도나리,29,sleep-powder,수면가루,level-up,heartgold-soulsilver,pokeapi
49,venomoth,도나리,31,gust,바람일으키기,level-up,heartgold-soulsilver,pokeapi
49,venomoth,도나리,37,signal-beam,,level-up,heartgold-soulsilver,pokeapi
49,venomoth,도나리,41,zen-headbutt,,level-up,heartgold-soulsilver,pokeapi
49,venomoth,도나리,47,poison-fang,,level-up,heartgold-soulsilver,pokeapi
49,venomoth,도나리,55,psychic,사이코키네시스,level-up,heartgold-soulsilver,pokeapi
49,venomoth,도나리,59,bug-buzz,,level-up,heartgold-soulsilver,pokeapi
50,diglett,디그다,1,sand-attack,,level-up,heartgold-soulsilver,pokeapi
50,diglett,디그다,1,scratch,,level-up,heartgold-soulsilver,pokeapi
50,diglett,디그다,4,growl,,level-up,heartgold-soulsilver,pokeapi
50,diglett,디그다,7,astonish,놀래키기,level-up,heartgold-soulsilver,pokeapi
50,diglett,디그다,12,magnitude,,level-up,heartgold-soulsilver,pokeapi
50,diglett,디그다,15,mud-slap,진흙뿌리기,level-up,heartgold-soulsilver,pokeapi
50,diglett,디그다,18,dig,구멍파기,level-up,heartgold-soulsilver,pokeapi
50,diglett,디그다,23,sucker-punch,기습,level-up,heartgold-soulsilver,pokeapi
50,diglett,디그다,26,earth-power,,level-up,heartgold-soulsilver,pokeapi
50,diglett,디그다,29,mud-bomb,진흙폭탄,level-up,heartgold-soulsilver,pokeapi
50,diglett,디그다,34,slash,베어가르기,level-up,heartgold-soulsilver,pokeapi
50,diglett,디그다,37,earthquake,지진,level-up,heartgold-soulsilver,pokeapi
50,diglett,디그다,40,fissure,,level-up,heartgold-soulsilver,pokeapi
51,dugtrio,닥트리오,1,growl,,level-up,heartgold-soulsilver,pokeapi
51,dugtrio,닥트리오,1,night-slash,깜짝베기,level-up,heartgold-soulsilver,pokeapi
51,dugtrio,닥트리오,1,sand-attack,,level-up,heartgold-soulsilver,pokeapi
51,dugtrio,닥트리오,1,scratch,,level-up,heartgold-soulsilver,pokeapi
51,dugtrio,닥트리오,1,tri-attack,,level-up,heartgold-soulsilver,pokeapi
51,dugtrio,닥트리오,4,growl,,level-up,heartgold-soulsilver,pokeapi
51,dugtrio,닥트리오,7,astonish,놀래키기,level-up,heartgold-soulsilver,pokeapi
51,dugtrio,닥트리오,12,magnitude,,level-up,heartgold-soulsilver,pokeapi
51,dugtrio,닥트리오,15,mud-slap,진흙뿌리기,level-up,heartgold-soulsilver,pokeapi
51,dugtrio,닥트리오,18,dig,구멍파기,level-up,heartgold-soulsilver,pokeapi
51,dugtrio,닥트리오,23,sucker-punch,기습,level-up,heartgold-soulsilver,pokeapi
51,dugtrio,닥트리오,26,sand-tomb,,level-up,heartgold-soulsilver,pokeapi
51,dugtrio,닥트리오,28,earth-power,,level-up,heartgold-soulsilver,pokeapi
51,dugtrio,닥트리오,33,mud-bomb,진흙폭탄,level-up,heartgold-soulsilver,pokeapi
51,dugtrio,닥트리오,40,slash,베어가르기,level-up,heartgold-soulsilver,pokeapi
51,dugtrio,닥트리오,45,earthquake,지진,level-up,heartgold-soulsilver,pokeapi
51,dugtrio,닥트리오,50,fissure,,level-up,heartgold-soulsilver,pokeapi
52,meowth,나옹,1,growl,,level-up,heartgold-soulsilver,pokeapi
52,meowth,나옹,1,scratch,,level-up,heartgold-soulsilver,pokeapi
52,meowth,나옹,6,bite,물기,level-up,heartgold-soulsilver,pokeapi
52,meowth,나옹,9,fake-out,,level-up,heartgold-soulsilver,pokeapi
52,meowth,나옹,14,fury-swipes,,level-up,heartgold-soulsilver,pokeapi
52,meowth,나옹,17,screech,싫은소리,level-up,heartgold-soulsilver,pokeapi
52,meowth,나옹,22,feint-attack,,level-up,heartgold-soulsilver,pokeapi
52,meowth,나옹,25,taunt,,level-up,heartgold-soulsilver,pokeapi
52,meowth,나옹,30,pay-day,,level-up,heartgold-soulsilver,pokeapi
52,meowth,나옹,33,slash,베어가르기,level-up,heartgold-soulsilver,pokeapi
52,meowth,나옹,38,nasty-plot,나쁜음모,level-up,heartgold-soulsilver,pokeapi
52,meowth,나옹,41,assurance,,level-up,heartgold-soulsilver,pokeapi
52,meowth,나옹,46,captivate,,level-up,heartgold-soulsilver,pokeapi
52,meowth,나옹,49,night-slash,깜짝베기,level-up,heartgold-soulsilver,pokeapi
52,meowth,나옹,54,feint,,level-up,heartgold-soulsilver,pokeapi
53,persian,페르시온,1,bite,물기,level-up,heartgold-soulsilver,pokeapi
53,persian,페르시온,1,fake-out,,level-up,heartgold-soulsilver,pokeapi
53,persian,페르시온,1,growl,,level-up,heartgold-soulsilver,pokeapi
53,persian,페르시온,1,scratch,,level-up,heartgold-soulsilver,pokeapi
53,persian,페르시온,1,switcheroo,,level-up,heartgold-soulsilver,pokeapi
53,persian,페르시온,6,bite,물기,level-up,heartgold-soulsilver,pokeapi
53,persian,페르시온,9,fake-out,,level-up,heartgold-soulsilver,pokeapi
53,persian,페르시온,14,fury-swipes,,level-up,heartgold-soulsilver,pokeapi
53,persian,페르시온,17,screech,싫은소리,level-up,heartgold-soulsilver,pokeapi
53,persian,페르시온,22,feint-attack,,level-up,heartgold-soulsilver,pokeapi
53,persian,페르시온,25,taunt,,level-up,heartgold-soulsilver,pokeapi
53,persian,페르시온,32,power-gem,,level-up,heartgold-soulsilver,pokeapi
53,persian,페르시온,37,slash,베어가르기,level-up,heartgold-soulsilver,pokeapi
53,persian,페르시온,44,nasty-plot,나쁜음모,level-up,heartgold-soulsilver,pokeapi
53,persian,페르시온,49,assurance,,level-up,heartgold-soulsilver,pokeapi
53,persian,페르시온,56,captivate,,level-up,heartgold-soulsilver,pokeapi
53,persian,페르시온,61,night-slash,깜짝베기,level-up,heartgold-soulsilver,pokeapi
53,persian,페르시온,68,feint,,level-up,heartgold-soulsilver,pokeapi
54,psyduck,고라파덕,1,scratch,,level-up,heartgold-soulsilver,pokeapi
54,psyduck,고라파덕,1,water-sport,,level-up,heartgold-soulsilver,pokeapi
54,psyduck,고라파덕,5,tail-whip,꼬리흔들기,level-up,heartgold-soulsilver,pokeapi
54,psyduck,고라파덕,9,water-gun,,level-up,heartgold-soulsilver,pokeapi
54,psyduck,고라파덕,14,disable,,level-up,heartgold-soulsilver,pokeapi
54,psyduck,고라파덕,18,confusion,염동력,level-up,heartgold-soulsilver,pokeapi
54,psyduck,고라파덕,22,water-pulse,물의파동,level-up,heartgold-soulsilver,pokeapi
54,psyduck,고라파덕,27,fury-swipes,,level-up,heartgold-soulsilver,pokeapi
54,psyduck,고라파덕,31,screech,싫은소리,level-up,heartgold-soulsilver,pokeapi
54,psyduck,고라파덕,35,psych-up,,level-up,heartgold-soulsilver,pokeapi
54,psyduck,고라파덕,40,zen-headbutt,,level-up,heartgold-soulsilver,pokeapi
54,psyduck,고라파덕,44,amnesia,,level-up,heartgold-soulsilver,pokeapi
54,psyduck,고라파덕,48,hydro-pump,하이드로펌프,level-up,heartgold-soulsilver,pokeapi
55,golduck,골덕,1,aqua-jet,아쿠아제트,level-up,heartgold-soulsilver,pokeapi
55,golduck,골덕,1,scratch,,level-up,heartgold-soulsilver,pokeapi
55,golduck,골덕,1,tail-whip,꼬리흔들기,level-up,heartgold-soulsilver,pokeapi
55,golduck,골덕,1,water-gun,,level-up,heartgold-soulsilver,pokeapi
55,golduck,골덕,1,water-sport,,level-up,heartgold-soulsilver,pokeapi
55,golduck,골덕,5,tail-whip,꼬리흔들기,level-up,heartgold-soulsilver,pokeapi
55,golduck,골덕,9,water-gun,,level-up,heartgold-soulsilver,pokeapi
55,golduck,골덕,14,disable,,level-up,heartgold-soulsilver,pokeapi
55,golduck,골덕,18,confusion,염동력,level-up,heartgold-soulsilver,pokeapi
55,golduck,골덕,22,water-pulse,물의파동,level-up,heartgold-soulsilver,pokeapi
55,golduck,골덕,27,fury-swipes,,level-up,heartgold-soulsilver,pokeapi
55,golduck,골덕,31,screech,싫은소리,level-up,heartgold-soulsilver,pokeapi
55,golduck,골덕,37,psych-up,,level-up,heartgold-soulsilver,pokeapi
55,golduck,골덕,44,zen-headbutt,,level-up,heartgold-soulsilver,pokeapi
55,golduck,골덕,50,amnesia,,level-up,heartgold-soulsilver,pokeapi
55,golduck,골덕,56,hydro-pump,하이드로펌프,level-up,heartgold-soulsilver,pokeapi
56,mankey,망키,1,covet,,level-up,heartgold-soulsilver,pokeapi
56,mankey,망키,1,focus-energy,,level-up,heartgold-soulsilver,pokeapi
56,mankey,망키,1,leer,,level-up,heartgold-soulsilver,pokeapi
56,mankey,망키,1,low-kick,안다리걸기,level-up,heartgold-soulsilver,pokeapi
56,mankey,망키,1,scratch,,level-up,heartgold-soulsilver,pokeapi
56,mankey,망키,9,fury-swipes,,level-up,heartgold-soulsilver,pokeapi
56,mankey,망키,13,karate-chop,태권당수,level-up,heartgold-soulsilver,pokeapi
56,mankey,망키,17,seismic-toss,,level-up,heartgold-soulsilver,pokeapi
56,mankey,망키,21,screech,싫은소리,level-up,heartgold-soulsilver,pokeapi
56,mankey,망키,25,assurance,,level-up,heartgold-soulsilver,pokeapi
56,mankey,망키,33,swagger,,level-up,heartgold-soulsilver,pokeapi
56,mankey,망키,37,cross-chop,,level-up,heartgold-soulsilver,pokeapi
56,mankey,망키,41,thrash,,level-up,heartgold-soulsilver,pokeapi
56,mankey,망키,45,punishment,,level-up,heartgold-soulsilver,pokeapi
56,mankey,망키,49,close-combat,인파이트,level-up,heartgold-soulsilver,pokeapi
57,primeape,성원숭,1,fling,,level-up,heartgold-soulsilver,pokeapi
57,primeape,성원숭,1,focus-energy,,level-up,heartgold-soulsilver,pokeapi
57,primeape,성원숭,1,leer,,level-up,heartgold-soulsilver,pokeapi
57,primeape,성원숭,1,low-kick,안다리걸기,level-up,heartgold-soulsilver,pokeapi
57,primeape,성원숭,1,scratch,,level-up,heartgold-soulsilver,pokeapi
57,primeape,성원숭,9,fury-swipes,,level-up,heartgold-soulsilver,pokeapi
57,primeape,성원숭,13,karate-chop,태권당수,level-up,heartgold-soulsilver,pokeapi
57,primeape,성원숭,17,seismic-toss,,level-up,heartgold-soulsilver,pokeapi
57,primeape,성원숭,21,screech,싫은소리,level-up,heartgold-soulsilver,pokeapi
57,primeape,성원숭,25,assurance,,level-up,heartgold-soulsilver,pokeapi
57,primeape,성원숭,28,rage,,level-up,heartgold-soulsilver,pokeapi
57,primeape,성원숭,35,swagger,,level-up,heartgold-soulsilver,pokeapi
57,primeape,성원숭,41,cross-chop,,level-up,heartgold-soulsilver,pokeapi
57,primeape,성원숭,47,thrash,,level-up,heartgold-soulsilver,pokeapi
57,primeape,성원숭,53,punishment,,level-up,heartgold-soulsilver,pokeapi
57,primeape,성원숭,59,close-combat,인파이트,level-up,heartgold-soulsilver,pokeapi
58,growlithe,가디,1,bite,물기,level-up,heartgold-soulsilver,pokeapi
58,growlithe,가디,1,roar,,level-up,heartgold-soulsilver,pokeapi
58,growlithe,가디,6,ember,작은불꽃,level-up,heartgold-soulsilver,pokeapi
58,growlithe,가디,9,leer,,level-up,heartgold-soulsilver,pokeapi
58,growlithe,가디,14,odor-sleuth,,level-up,heartgold-soulsilver,pokeapi
58,growlithe,가디,17,helping-hand,,level-up,heartgold-soulsilver,pokeapi
58,growlithe,가디,20,flame-wheel,화염자동차,level-up,heartgold-soulsilver,pokeapi
58,growlithe,가디,25,reversal,,level-up,heartgold-soulsilver,pokeapi
58,growlithe,가디,28,fire-fang,,level-up,heartgold-soulsilver,pokeapi
58,growlithe,가디,31,take-down,,level-up,heartgold-soulsilver,pokeapi
58,growlithe,가디,34,flamethrower,화염방사,level-up,heartgold-soulsilver,pokeapi
58,growlithe,가디,39,agility,고속이동,level-up,heartgold-soulsilver,pokeapi
58,growlithe,가디,42,crunch,깨물어부수기,level-up,heartgold-soulsilver,pokeapi
58,growlithe,가디,45,heat-wave,,level-up,heartgold-soulsilver,pokeapi
58,growlithe,가디,48,flare-blitz,플레어드라이브,level-up,heartgold-soulsilver,pokeapi
59,arcanine,윈디,1,bite,물기,level-up,heartgold-soulsilver,pokeapi
59,arcanine,윈디,1,fire-fang,,level-up,heartgold-soulsilver,pokeapi
59,arcanine,윈디,1,odor-sleuth,,level-up,heartgold-soulsilver,pokeapi
59,arcanine,윈디,1,roar,,level-up,heartgold-soulsilver,pokeapi
59,arcanine,윈디,1,thunder-fang,,level-up,heartgold-soulsilver,pokeapi
59,arcanine,윈디,39,extreme-speed,신속,level-up,heartgold-soulsilver,pokeapi
60,poliwag,발챙이,1,water-sport,,level-up,heartgold-soulsilver,pokeapi
60,poliwag,발챙이,5,bubble,거품,level-up,heartgold-soulsilver,pokeapi
60,poliwag,발챙이,8,hypnosis,최면술,level-up,heartgold-soulsilver,pokeapi
60,poliwag,발챙이,11,water-gun,,level-up,heartgold-soulsilver,pokeapi
60,poliwag,발챙이,15,double-slap,,level-up,heartgold-soulsilver,pokeapi
60,poliwag,발챙이,18,rain-dance,,level-up,heartgold-soulsilver,pokeapi
60,poliwag,발챙이,21,body-slam,누르기,level-up,heartgold-soulsilver,pokeapi
60,poliwag,발챙이,25,bubble-beam,,level-up,heartgold-soulsilver,pokeapi
60,poliwag,발챙이,28,mud-shot,,level-up,heartgold-soulsilver,pokeapi
60,poliwag,발챙이,31,belly-drum,,level-up,heartgold-soulsilver,pokeapi
60,poliwag,발챙이,35,wake-up-slap,,level-up,heartgold-soulsilver,pokeapi
60,poliwag,발챙이,38,hydro-pump,하이드로펌프,level-up,heartgold-soulsilver,pokeapi
60,poliwag,발챙이,41,mud-bomb,진흙폭탄,level-up,heartgold-soulsilver,pokeapi
61,poliwhirl,슈륙챙이,1,bubble,거품,level-up,heartgold-soulsilver,pokeapi
61,poliwhirl,슈륙챙이,1,hypnosis,최면술,level-up,heartgold-soulsilver,pokeapi
61,poliwhirl,슈륙챙이,1,water-sport,,level-up,heartgold-soulsilver,pokeapi
61,poliwhirl,슈륙챙이,5,bubble,거품,level-up,heartgold-soulsilver,pokeapi
61,poliwhirl,슈륙챙이,8,hypnosis,최면술,level-up,heartgold-soulsilver,pokeapi
61,poliwhirl,슈륙챙이,11,water-gun,,level-up,heartgold-soulsilver,pokeapi
61,poliwhirl,슈륙챙이,15,double-slap,,level-up,heartgold-soulsilver,pokeapi
61,poliwhirl,슈륙챙이,18,rain-dance,,level-up,heartgold-soulsilver,pokeapi
61,poliwhirl,슈륙챙이,21,body-slam,누르기,level-up,heartgold-soulsilver,pokeapi
61,poliwhirl,슈륙챙이,27,bubble-beam,,level-up,heartgold-soulsilver,pokeapi
61,poliwhirl,슈륙챙이,32,mud-shot,,level-up,heartgold-soulsilver,pokeapi
61,poliwhirl,슈륙챙이,37,belly-drum,,level-up,heartgold-soulsilver,pokeapi
61,poliwhirl,슈륙챙이,43,wake-up-slap,,level-up,heartgold-soulsilver,pokeapi
61,poliwhirl,슈륙챙이,48,hydro-pump,하이드로펌프,level-up,heartgold-soulsilver,pokeapi
61,poliwhirl,슈륙챙이,53,mud-bomb,진흙폭탄,level-up,heartgold-soulsilver,pokeapi
62,poliwrath,강챙이,1,bubble-beam,,level-up,heartgold-soulsilver,pokeapi
62,poliwrath,강챙이,1,double-slap,,level-up,heartgold-soulsilver,pokeapi
62,poliwrath,강챙이,1,hypnosis,최면술,level-up,heartgold-soulsilver,pokeapi
62,poliwrath,강챙이,1,submission,,level-up,heartgold-soulsilver,pokeapi
62,poliwrath,강챙이,43,dynamic-punch,,level-up,heartgold-soulsilver,pokeapi
62,poliwrath,강챙이,53,mind-reader,,level-up,heartgold-soulsilver,pokeapi
63,abra,캐이시,1,teleport,,level-up,heartgold-soulsilver,pokeapi
64,kadabra,윤겔라,1,confusion,염동력,level-up,heartgold-soulsilver,pokeapi
64,kadabra,윤겔라,1,kinesis,,level-up,heartgold-soulsilver,pokeapi
64,kadabra,윤겔라,1,teleport,,level-up,heartgold-soulsilver,pokeapi
64,kadabra,윤겔라,16,confusion,염동력,level-up,heartgold-soulsilver,pokeapi
64,kadabra,윤겔라,18,disable,,level-up,heartgold-soulsilver,pokeapi
64,kadabra,윤겔라,22,miracle-eye,,level-up,heartgold-soulsilver,pokeapi
64,kadabra,윤겔라,24,psybeam,,level-up,heartgold-soulsilver,pokeapi
64,kadabra,윤겔라,28,reflect,,level-up,heartgold-soulsilver,pokeapi
64,kadabra,윤겔라,30,recover,HP회복,level-up,heartgold-soulsilver,pokeapi
64,kadabra,윤겔라,34,psycho-cut,,level-up,heartgold-soulsilver,pokeapi
64,kadabra,윤겔라,36,role-play,,level-up,heartgold-soulsilver,pokeapi
64,kadabra,윤겔라,40,psychic,사이코키네시스,level-up,heartgold-soulsilver,pokeapi
64,kadabra,윤겔라,42,future-sight,,level-up,heartgold-soulsilver,pokeapi
64,kadabra,윤겔라,46,trick,,level-up,heartgold-soulsilver,pokeapi
65,alakazam,후딘,1,confusion,염동력,level-up,heartgold-soulsilver,pokeapi
65,alakazam,후딘,1,kinesis,,level-up,heartgold-soulsilver,pokeapi
65,alakazam,후딘,1,teleport,,level-up,heartgold-soulsilver,pokeapi
65,alakazam,후딘,16,confusion,염동력,level-up,heartgold-soulsilver,pokeapi
65,alakazam,후딘,18,disable,,level-up,heartgold-soulsilver,pokeapi
65,alakazam,후딘,22,miracle-eye,,level-up,heartgold-soulsilver,pokeapi
65,alakazam,후딘,24,psybeam,,level-up,heartgold-soulsilver,pokeapi
65,alakazam,후딘,28,reflect,,level-up,heartgold-soulsilver,pokeapi
65,alakazam,후딘,30,recover,HP회복,level-up,heartgold-soulsilver,pokeapi
65,alakazam,후딘,34,psycho-cut,,level-up,heartgold-soulsilver,pokeapi
65,alakazam,후딘,36,calm-mind,,level-up,heartgold-soulsilver,pokeapi
65,alakazam,후딘,40,psychic,사이코키네시스,level-up,heartgold-soulsilver,pokeapi
65,alakazam,후딘,42,future-sight,,level-up,heartgold-soulsilver,pokeapi
65,alakazam,후딘,46,trick,,level-up,heartgold-soulsilver,pokeapi
66,machop,알통몬,1,leer,,level-up,heartgold-soulsilver,pokeapi
66,machop,알통몬,1,low-kick,안다리걸기,level-up,heartgold-soulsilver,pokeapi
66,machop,알통몬,7,focus-energy,,level-up,heartgold-soulsilver,pokeapi
66,machop,알통몬,10,karate-chop,태권당수,level-up,heartgold-soulsilver,pokeapi
66,machop,알통몬,13,foresight,,level-up,heartgold-soulsilver,pokeapi
66,machop,알통몬,19,seismic-toss,,level-up,heartgold-soulsilver,pokeapi
66,machop,알통몬,22,revenge,,level-up,heartgold-soulsilver,pokeapi
66,machop,알통몬,25,vital-throw,,level-up,heartgold-soulsilver,pokeapi
66,machop,알통몬,31,submission,,level-up,heartgold-soulsilver,pokeapi
66,machop,알통몬,34,wake-up-slap,,level-up,heartgold-soulsilver,pokeapi
66,machop,알통몬,37,cross-chop,,level-up,heartgold-soulsilver,pokeapi
66,machop,알통몬,43,scary-face,겁나는얼굴,level-up,heartgold-soulsilver,pokeapi
66,machop,알통몬,46,dynamic-punch,,level-up,heartgold-soulsilver,pokeapi
67,machoke,근육몬,1,focus-energy,,level-up,heartgold-soulsilver,pokeapi
67,machoke,근육몬,1,leer,,level-up,heartgold-soulsilver,pokeapi
67,machoke,근육몬,1,low-kick,안다리걸기,level-up,heartgold-soulsilver,pokeapi
67,machoke,근육몬,7,focus-energy,,level-up,heartgold-soulsilver,pokeapi
67,machoke,근육몬,10,karate-chop,태권당수,level-up,heartgold-soulsilver,pokeapi
67,machoke,근육몬,13,foresight,,level-up,heartgold-soulsilver,pokeapi
67,machoke,근육몬,19,seismic-toss,,level-up,heartgold-soulsilver,pokeapi
67,machoke,근육몬,22,revenge,,level-up,heartgold-soulsilver,pokeapi
67,machoke,근육몬,25,vital-throw,,level-up,heartgold-soulsilver,pokeapi
67,machoke,근육몬,32,submission,,level-up,heartgold-soulsilver,pokeapi
67,machoke,근육몬,36,wake-up-slap,,level-up,heartgold-soulsilver,pokeapi
67,machoke,근육몬,40,cross-chop,,level-up,heartgold-soulsilver,pokeapi
67,machoke,근육몬,44,scary-face,겁나는얼굴,level-up,heartgold-soulsilver,pokeapi
67,machoke,근육몬,51,dynamic-punch,,level-up,heartgold-soulsilver,pokeapi
68,machamp,괴력몬,1,focus-energy,,level-up,heartgold-soulsilver,pokeapi
68,machamp,괴력몬,1,leer,,level-up,heartgold-soulsilver,pokeapi
68,machamp,괴력몬,1,low-kick,안다리걸기,level-up,heartgold-soulsilver,pokeapi
68,machamp,괴력몬,7,focus-energy,,level-up,heartgold-soulsilver,pokeapi
68,machamp,괴력몬,10,karate-chop,태권당수,level-up,heartgold-soulsilver,pokeapi
68,machamp,괴력몬,13,foresight,,level-up,heartgold-soulsilver,pokeapi
68,machamp,괴력몬,19,seismic-toss,,level-up,heartgold-soulsilver,pokeapi
68,machamp,괴력몬,22,revenge,,level-up,heartgold-soulsilver,pokeapi
68,machamp,괴력몬,25,vital-throw,,level-up,heartgold-soulsilver,pokeapi
68,machamp,괴력몬,32,submission,,level-up,heartgold-soulsilver,pokeapi
68,machamp,괴력몬,36,wake-up-slap,,level-up,heartgold-soulsilver,pokeapi
68,machamp,괴력몬,40,cross-chop,,level-up,heartgold-soulsilver,pokeapi
68,machamp,괴력몬,44,scary-face,겁나는얼굴,level-up,heartgold-soulsilver,pokeapi
68,machamp,괴력몬,51,dynamic-punch,,level-up,heartgold-soulsilver,pokeapi
69,bellsprout,모다피,1,vine-whip,,level-up,heartgold-soulsilver,pokeapi
69,bellsprout,모다피,7,growth,,level-up,heartgold-soulsilver,pokeapi
69,bellsprout,모다피,11,wrap,,level-up,heartgold-soulsilver,pokeapi
69,bellsprout,모다피,13,sleep-powder,수면가루,level-up,heartgold-soulsilver,pokeapi
69,bellsprout,모다피,15,poison-powder,독가루,level-up,heartgold-soulsilver,pokeapi
69,bellsprout,모다피,17,stun-spore,,level-up,heartgold-soulsilver,pokeapi
69,bellsprout,모다피,23,acid,용해액,level-up,heartgold-soulsilver,pokeapi
69,bellsprout,모다피,27,knock-off,,level-up,heartgold-soulsilver,pokeapi
69,bellsprout,모다피,29,sweet-scent,,level-up,heartgold-soulsilver,pokeapi
69,bellsprout,모다피,35,gastro-acid,,level-up,heartgold-soulsilver,pokeapi
69,bellsprout,모다피,39,razor-leaf,잎날가르기,level-up,heartgold-soulsilver,pokeapi
69,bellsprout,모다피,41,slam,,level-up,heartgold-soulsilver,pokeapi
69,bellsprout,모다피,47,wring-out,,level-up,heartgold-soulsilver,pokeapi
70,weepinbell,우츠동,1,growth,,level-up,heartgold-soulsilver,pokeapi
70,weepinbell,우츠동,1,vine-whip,,level-up,heartgold-soulsilver,pokeapi
70,weepinbell,우츠동,1,wrap,,level-up,heartgold-soulsilver,pokeapi
70,weepinbell,우츠동,7,growth,,level-up,heartgold-soulsilver,pokeapi
70,weepinbell,우츠동,11,wrap,,level-up,heartgold-soulsilver,pokeapi
70,weepinbell,우츠동,13,sleep-powder,수면가루,level-up,heartgold-soulsilver,pokeapi
70,weepinbell,우츠동,15,poison-powder,독가루,level-up,heartgold-soulsilver,pokeapi
70,weepinbell,우츠동,17,stun-spore,,level-up,heartgold-soulsilver,pokeapi
70,weepinbell,우츠동,23,acid,용해액,level-up,heartgold-soulsilver,pokeapi
70,weepinbell,우츠동,27,knock-off,,level-up,heartgold-soulsilver,pokeapi
70,weepinbell,우츠동,29,sweet-scent,,level-up,heartgold-soulsilver,pokeapi
70,weepinbell,우츠동,35,gastro-acid,,level-up,heartgold-soulsilver,pokeapi
70,weepinbell,우츠동,39,razor-leaf,잎날가르기,level-up,heartgold-soulsilver,pokeapi
70,weepinbell,우츠동,41,slam,,level-up,heartgold-soulsilver,pokeapi
70,weepinbell,우츠동,47,wring-out,,level-up,heartgold-soulsilver,pokeapi
71,victreebel,우츠보트,1,razor-leaf,잎날가르기,level-up,heartgold-soulsilver,pokeapi
71,victreebel,우츠보트,1,sleep-powder,수면가루,level-up,heartgold-soulsilver,pokeapi
71,victreebel,우츠보트,1,spit-up,,level-up,heartgold-soulsilver,pokeapi
71,victreebel,우츠보트,1,stockpile,,level-up,heartgold-soulsilver,pokeapi
71,victreebel,우츠보트,1,swallow,,level-up,heartgold-soulsilver,pokeapi
71,victreebel,우츠보트,1,sweet-scent,,level-up,heartgold-soulsilver,pokeapi
71,victreebel,우츠보트,1,vine-whip,,level-up,heartgold-soulsilver,pokeapi
71,victreebel,우츠보트,47,leaf-blade,,level-up,heartgold-soulsilver,pokeapi
71,victreebel,우츠보트,47,leaf-storm,,level-up,heartgold-soulsilver,pokeapi
72,tentacool,왕눈해,1,poison-sting,독침,level-up,heartgold-soulsilver,pokeapi
72,tentacool,왕눈해,5,supersonic,,level-up,heartgold-soulsilver,pokeapi
72,tentacool,왕눈해,8,constrict,,level-up,heartgold-soulsilver,pokeapi
72,tentacool,왕눈해,12,acid,용해액,level-up,heartgold-soulsilver,pokeapi
72,tentacool,왕눈해,15,toxic-spikes,,level-up,heartgold-soulsilver,pokeapi
72,tentacool,왕눈해,19,bubble-beam,,level-up,heartgold-soulsilver,pokeapi
72,tentacool,왕눈해,22,wrap,,level-up,heartgold-soulsilver,pokeapi
72,tentacool,왕눈해,26,barrier,,level-up,heartgold-soulsilver,pokeapi
72,tentacool,왕눈해,29,water-pulse,물의파동,level-up,heartgold-soulsilver,pokeapi
72,tentacool,왕눈해,33,poison-jab,독찌르기,level-up,heartgold-soulsilver,pokeapi
72,tentacool,왕눈해,36,screech,싫은소리,level-up,heartgold-soulsilver,pokeapi
72,tentacool,왕눈해,40,hydro-pump,하이드로펌프,level-up,heartgold-soulsilver,pokeapi
72,tentacool,왕눈해,43,wring-out,,level-up,heartgold-soulsilver,pokeapi
73,tentacruel,독파리,1,constrict,,level-up,heartgold-soulsilver,pokeapi
73,tentacruel,독파리,1,poison-sting,독침,level-up,heartgold-soulsilver,pokeapi
73,tentacruel,독파리,1,supersonic,,level-up,heartgold-soulsilver,pokeapi
73,tentacruel,독파리,5,supersonic,,level-up,heartgold-soulsilver,pokeapi
73,tentacruel,독파리,8,constrict,,level-up,heartgold-soulsilver,pokeapi
73,tentacruel,독파리,12,acid,용해액,level-up,heartgold-soulsilver,pokeapi
73,tentacruel,독파리,15,toxic-spikes,,level-up,heartgold-soulsilver,pokeapi
73,tentacruel,독파리,19,bubble-beam,,level-up,heartgold-soulsilver,pokeapi
73,tentacruel,독파리,22,wrap,,level-up,heartgold-soulsilver,pokeapi
73,tentacruel,독파리,26,barrier,,level-up,heartgold-soulsilver,pokeapi
73,tentacruel,독파리,29,water-pulse,물의파동,level-up,heartgold-soulsilver,pokeapi
73,tentacruel,독파리,36,poison-jab,독찌르기,level-up,heartgold-soulsilver,pokeapi
73,tentacruel,독파리,42,screech,싫은소리,level-up,heartgold-soulsilver,pokeapi
73,tentacruel,독파리,49,hydro-pump,하이드로펌프,level-up,heartgold-soulsilver,pokeapi
73,tentacruel,독파리,55,wring-out,,level-up,heartgold-soulsilver,pokeapi
74,geodude,꼬마돌,1,defense-curl,,level-up,heartgold-soulsilver,pokeapi
74,geodude,꼬마돌,1,tackle,,level-up,heartgold-soulsilver,pokeapi
74,geodude,꼬마돌,4,mud-sport,,level-up,heartgold-soulsilver,pokeapi
74,geodude,꼬마돌,8,rock-polish,,level-up,heartgold-soulsilver,pokeapi
74,geodude,꼬마돌,11,rock-throw,,level-up,heartgold-soulsilver,pokeapi
74,geodude,꼬마돌,15,magnitude,,level-up,heartgold-soulsilver,pokeapi
74,geodude,꼬마돌,18,self-destruct,,level-up,heartgold-soulsilver,pokeapi
74,geodude,꼬마돌,22,rollout,,level-up,heartgold-soulsilver,pokeapi
74,geodude,꼬마돌,25,rock-blast,락블라스트,level-up,heartgold-soulsilver,pokeapi
74,geodude,꼬마돌,29,earthquake,지진,level-up,heartgold-soulsilver,pokeapi
74,geodude,꼬마돌,32,explosion,대폭발,level-up,heartgold-soulsilver,pokeapi
74,geodude,꼬마돌,36,double-edge,이판사판태클,level-up,heartgold-soulsilver,pokeapi
74,geodude,꼬마돌,39,stone-edge,스톤샤워,level-up,heartgold-soulsilver,pokeapi
75,graveler,데구리,1,defense-curl,,level-up,heartgold-soulsilver,pokeapi
75,graveler,데구리,1,mud-sport,,level-up,heartgold-soulsilver,pokeapi
75,graveler,데구리,1,rock-polish,,level-up,heartgold-soulsilver,pokeapi
75,graveler,데구리,1,tackle,,level-up,heartgold-soulsilver,pokeapi
75,graveler,데구리,4,mud-sport,,level-up,heartgold-soulsilver,pokeapi
75,graveler,데구리,8,rock-polish,,level-up,heartgold-soulsilver,pokeapi
75,graveler,데구리,11,rock-throw,,level-up,heartgold-soulsilver,pokeapi
75,graveler,데구리,15,magnitude,,level-up,heartgold-soulsilver,pokeapi
75,graveler,데구리,18,self-destruct,,level-up,heartgold-soulsilver,pokeapi
75,graveler,데구리,22,rollout,,level-up,heartgold-soulsilver,pokeapi
75,graveler,데구리,27,rock-blast,락블라스트,level-up,heartgold-soulsilver,pokeapi
75,graveler,데구리,33,earthquake,지진,level-up,heartgold-soulsilver,pokeapi
75,graveler,데구리,38,explosion,대폭발,level-up,heartgold-soulsilver,pokeapi
75,graveler,데구리,44,double-edge,이판사판태클,level-up,heartgold-soulsilver,pokeapi
75,graveler,데구리,49,stone-edge,스톤샤워,level-up,heartgold-soulsilver,pokeapi
76,golem,딱구리,1,defense-curl,,level-up,heartgold-soulsilver,pokeapi
76,golem,딱구리,1,mud-sport,,level-up,heartgold-soulsilver,pokeapi
76,golem,딱구리,1,rock-polish,,level-up,heartgold-soulsilver,pokeapi
76,golem,딱구리,1,tackle,,level-up,heartgold-soulsilver,pokeapi
76,golem,딱구리,4,mud-sport,,level-up,heartgold-soulsilver,pokeapi
76,golem,딱구리,8,rock-polish,,level-up,heartgold-soulsilver,pokeapi
76,golem,딱구리,11,rock-throw,,level-up,heartgold-soulsilver,pokeapi
76,golem,딱구리,15,magnitude,,level-up,heartgold-soulsilver,pokeapi
76,golem,딱구리,18,self-destruct,,level-up,heartgold-soulsilver,pokeapi
76,golem,딱구리,22,rollout,,level-up,heartgold-soulsilver,pokeapi
76,golem,딱구리,27,rock-blast,락블라스트,level-up,heartgold-soulsilver,pokeapi
76,golem,딱구리,33,earthquake,지진,level-up,heartgold-soulsilver,pokeapi
76,golem,딱구리,38,explosion,대폭발,level-up,heartgold-soulsilver,pokeapi
76,golem,딱구리,44,double-edge,이판사판태클,level-up,heartgold-soulsilver,pokeapi
76,golem,딱구리,49,stone-edge,스톤샤워,level-up,heartgold-soulsilver,pokeapi
77,ponyta,포니타,1,growl,,level-up,heartgold-soulsilver,pokeapi
77,ponyta,포니타,1,tackle,,level-up,heartgold-soulsilver,pokeapi
77,ponyta,포니타,6,tail-whip,꼬리흔들기,level-up,heartgold-soulsilver,pokeapi
77,ponyta,포니타,10,ember,작은불꽃,level-up,heartgold-soulsilver,pokeapi
77,ponyta,포니타,15,flame-wheel,화염자동차,level-up,heartgold-soulsilver,pokeapi
77,ponyta,포니타,19,stomp,,level-up,heartgold-soulsilver,pokeapi
77,ponyta,포니타,24,fire-spin,,level-up,heartgold-soulsilver,pokeapi
77,ponyta,포니타,28,take-down,,level-up,heartgold-soulsilver,pokeapi
77,ponyta,포니타,33,agility,고속이동,level-up,heartgold-soulsilver,pokeapi
77,ponyta,포니타,37,fire-blast,불대문자,level-up,heartgold-soulsilver,pokeapi
77,ponyta,포니타,42,bounce,,level-up,heartgold-soulsilver,pokeapi
77,ponyta,포니타,46,flare-blitz,플레어드라이브,level-up,heartgold-soulsilver,pokeapi
78,rapidash,날쌩마,1,ember,작은불꽃,level-up,heartgold-soulsilver,pokeapi
78,rapidash,날쌩마,1,growl,,level-up,heartgold-soulsilver,pokeapi
78,rapidash,날쌩마,1,megahorn,,level-up,heartgold-soulsilver,pokeapi
78,rapidash,날쌩마,1,poison-jab,독찌르기,level-up,heartgold-soulsilver,pokeapi
78,rapidash,날쌩마,1,quick-attack,전광석화,level-up,heartgold-soulsilver,pokeapi
78,rapidash,날쌩마,1,tail-whip,꼬리흔들기,level-up,heartgold-soulsilver,pokeapi
78,rapidash,날쌩마,6,tail-whip,꼬리흔들기,level-up,heartgold-soulsilver,pokeapi
78,rapidash,날쌩마,10,ember,작은불꽃,level-up,heartgold-soulsilver,pokeapi
78,rapidash,날쌩마,15,flame-wheel,화염자동차,level-up,heartgold-soulsilver,pokeapi
78,rapidash,날쌩마,19,stomp,,level-up,heartgold-soulsilver,pokeapi
78,rapidash,날쌩마,24,fire-spin,,level-up,heartgold-soulsilver,pokeapi
78,rapidash,날쌩마,28,take-down,,level-up,heartgold-soulsilver,pokeapi
78,rapidash,날쌩마,33,agility,고속이동,level-up,heartgold-soulsilver,pokeapi
78,rapidash,날쌩마,37,fire-blast,불대문자,level-up,heartgold-soulsilver,pokeapi
78,rapidash,날쌩마,40,fury-attack,,level-up,heartgold-soulsilver,pokeapi
78,rapidash,날쌩마,47,bounce,,level-up,heartgold-soulsilver,pokeapi
78,rapidash,날쌩마,56,flare-blitz,플레어드라이브,level-up,heartgold-soulsilver,pokeapi
79,slowpoke,야돈,1,curse,,level-up,heartgold-soulsilver,pokeapi
79,slowpoke,야돈,1,tackle,,level-up,heartgold-soulsilver,pokeapi
79,slowpoke,야돈,1,yawn,,level-up,heartgold-soulsilver,pokeapi
79,slowpoke,야돈,6,growl,,level-up,heartgold-soulsilver,pokeapi
79,slowpoke,야돈,11,water-gun,,level-up,heartgold-soulsilver,pokeapi
79,slowpoke,야돈,15,confusion,염동력,level-up,heartgold-soulsilver,pokeapi
79,slowpoke,야돈,20,disable,,level-up,heartgold-soulsilver,pokeapi
79,slowpoke,야돈,25,headbutt,,level-up,heartgold-soulsilver,pokeapi
79,slowpoke,야돈,29,water-pulse,물의파동,level-up,heartgold-soulsilver,pokeapi
79,slowpoke,야돈,34,zen-headbutt,,level-up,heartgold-soulsilver,pokeapi
79,slowpoke,야돈,39,slack-off,,level-up,heartgold-soulsilver,pokeapi
79,slowpoke,야돈,43,amnesia,,level-up,heartgold-soulsilver,pokeapi
79,slowpoke,야돈,48,psychic,사이코키네시스,level-up,heartgold-soulsilver,pokeapi
79,slowpoke,야돈,53,rain-dance,,level-up,heartgold-soulsilver,pokeapi
79,slowpoke,야돈,57,psych-up,,level-up,heartgold-soulsilver,pokeapi
80,slowbro,야도란,1,curse,,level-up,heartgold-soulsilver,pokeapi
80,slowbro,야도란,1,growl,,level-up,heartgold-soulsilver,pokeapi
80,slowbro,야도란,1,tackle,,level-up,heartgold-soulsilver,pokeapi
80,slowbro,야도란,1,yawn,,level-up,heartgold-soulsilver,pokeapi
80,slowbro,야도란,6,growl,,level-up,heartgold-soulsilver,pokeapi
80,slowbro,야도란,11,water-gun,,level-up,heartgold-soulsilver,pokeapi
80,slowbro,야도란,15,confusion,염동력,level-up,heartgold-soulsilver,pokeapi
80,slowbro,야도란,20,disable,,level-up,heartgold-soulsilver,pokeapi
80,slowbro,야도란,25,headbutt,,level-up,heartgold-soulsilver,pokeapi
80,slowbro,야도란,29,water-pulse,물의파동,level-up,heartgold-soulsilver,pokeapi
80,slowbro,야도란,34,zen-headbutt,,level-up,heartgold-soulsilver,pokeapi
80,slowbro,야도란,37,withdraw,,level-up,heartgold-soulsilver,pokeapi
80,slowbro,야도란,41,slack-off,,level-up,heartgold-soulsilver,pokeapi
80,slowbro,야도란,47,amnesia,,level-up,heartgold-soulsilver,pokeapi
80,slowbro,야도란,54,psychic,사이코키네시스,level-up,heartgold-soulsilver,pokeapi
80,slowbro,야도란,61,rain-dance,,level-up,heartgold-soulsilver,pokeapi
80,slowbro,야도란,67,psych-up,,level-up,heartgold-soulsilver,pokeapi
81,magnemite,코일,1,metal-sound,금속음,level-up,heartgold-soulsilver,pokeapi
81,magnemite,코일,1,tackle,,level-up,heartgold-soulsilver,pokeapi
81,magnemite,코일,6,thunder-shock,,level-up,heartgold-soulsilver,pokeapi
81,magnemite,코일,11,supersonic,,level-up,heartgold-soulsilver,pokeapi
81,magnemite,코일,14,sonic-boom,,level-up,heartgold-soulsilver,pokeapi
81,magnemite,코일,17,thunder-wave,전기자석파,level-up,heartgold-soulsilver,pokeapi
81,magnemite,코일,22,spark,,level-up,heartgold-soulsilver,pokeapi
81,magnemite,코일,27,lock-on,,level-up,heartgold-soulsilver,pokeapi
81,magnemite,코일,30,magnet-bomb,,level-up,heartgold-soulsilver,pokeapi
81,magnemite,코일,33,screech,싫은소리,level-up,heartgold-soulsilver,pokeapi
81,magnemite,코일,38,discharge,,level-up,heartgold-soulsilver,pokeapi
81,magnemite,코일,43,mirror-shot,,level-up,heartgold-soulsilver,pokeapi
81,magnemite,코일,46,magnet-rise,,level-up,heartgold-soulsilver,pokeapi
81,magnemite,코일,49,gyro-ball,,level-up,heartgold-soulsilver,pokeapi
81,magnemite,코일,54,zap-cannon,,level-up,heartgold-soulsilver,pokeapi
82,magneton,레어코일,1,metal-sound,금속음,level-up,heartgold-soulsilver,pokeapi
82,magneton,레어코일,1,supersonic,,level-up,heartgold-soulsilver,pokeapi
82,magneton,레어코일,1,tackle,,level-up,heartgold-soulsilver,pokeapi
82,magneton,레어코일,1,thunder-shock,,level-up,heartgold-soulsilver,pokeapi
82,magneton,레어코일,1,tri-attack,,level-up,heartgold-soulsilver,pokeapi
82,magneton,레어코일,6,thunder-shock,,level-up,heartgold-soulsilver,pokeapi
82,magneton,레어코일,11,supersonic,,level-up,heartgold-soulsilver,pokeapi
82,magneton,레어코일,14,sonic-boom,,level-up,heartgold-soulsilver,pokeapi
82,magneton,레어코일,17,thunder-wave,전기자석파,level-up,heartgold-soulsilver,pokeapi
82,magneton,레어코일,22,spark,,level-up,heartgold-soulsilver,pokeapi
82,magneton,레어코일,27,lock-on,,level-up,heartgold-soulsilver,pokeapi
82,magneton,레어코일,30,magnet-bomb,,level-up,heartgold-soulsilver,pokeapi
82,magneton,레어코일,34,screech,싫은소리,level-up,heartgold-soulsilver,pokeapi
82,magneton,레어코일,40,discharge,,level-up,heartgold-soulsilver,pokeapi
82,magneton,레어코일,46,mirror-shot,,level-up,heartgold-soulsilver,pokeapi
82,magneton,레어코일,50,magnet-rise,,level-up,heartgold-soulsilver,pokeapi
82,magneton,레어코일,54,gyro-ball,,level-up,heartgold-soulsilver,pokeapi
82,magneton,레어코일,60,zap-cannon,,level-up,heartgold-soulsilver,pokeapi
83,farfetchd,파오리,1,fury-cutter,연속자르기,level-up,heartgold-soulsilver,pokeapi
83,farfetchd,파오리,1,leer,,level-up,heartgold-soulsilver,pokeapi
83,farfetchd,파오리,1,peck,쪼기,level-up,heartgold-soulsilver,pokeapi
83,farfetchd,파오리,1,poison-jab,독찌르기,level-up,heartgold-soulsilver,pokeapi
83,farfetchd,파오리,1,sand-attack,,level-up,heartgold-soulsilver,pokeapi
83,farfetchd,파오리,7,fury-attack,,level-up,heartgold-soulsilver,pokeapi
83,farfetchd,파오리,9,knock-off,,level-up,heartgold-soulsilver,pokeapi
83,farfetchd,파오리,13,aerial-ace,제비반환,level-up,heartgold-soulsilver,pokeapi
83,farfetchd,파오리,19,slash,베어가르기,level-up,heartgold-soulsilver,pokeapi
83,farfetchd,파오리,21,air-cutter,,level-up,heartgold-soulsilver,pokeapi
83,farfetchd,파오리,25,swords-dance,칼춤,level-up,heartgold-soulsilver,pokeapi
83,farfetchd,파오리,31,agility,고속이동,level-up,heartgold-soulsilver,pokeapi
83,farfetchd,파오리,33,night-slash,깜짝베기,level-up,heartgold-soulsilver,pokeapi
83,farfetchd,파오리,37,air-slash,에어슬래시,level-up,heartgold-soulsilver,pokeapi
83,farfetchd,파오리,43,feint,,level-up,heartgold-soulsilver,pokeapi
83,farfetchd,파오리,45,false-swipe,,level-up,heartgold-soulsilver,pokeapi
84,doduo,두두,1,growl,,level-up,heartgold-soulsilver,pokeapi
84,doduo,두두,1,peck,쪼기,level-up,heartgold-soulsilver,pokeapi
84,doduo,두두,5,quick-attack,전광석화,level-up,heartgold-soulsilver,pokeapi
84,doduo,두두,10,rage,,level-up,heartgold-soulsilver,pokeapi
84,doduo,두두,14,fury-attack,,level-up,heartgold-soulsilver,pokeapi
84,doduo,두두,19,pursuit,따라가때리기,level-up,heartgold-soulsilver,pokeapi
84,doduo,두두,23,uproar,,level-up,heartgold-soulsilver,pokeapi
84,doduo,두두,28,acupressure,,level-up,heartgold-soulsilver,pokeapi
84,doduo,두두,32,double-hit,,level-up,heartgold-soulsilver,pokeapi
84,doduo,두두,37,agility,고속이동,level-up,heartgold-soulsilver,pokeapi
84,doduo,두두,41,drill-peck,,level-up,heartgold-soulsilver,pokeapi
84,doduo,두두,46,endeavor,,level-up,heartgold-soulsilver,pokeapi
85,dodrio,두트리오,1,growl,,level-up,heartgold-soulsilver,pokeapi
85,dodrio,두트리오,1,peck,쪼기,level-up,heartgold-soulsilver,pokeapi
85,dodrio,두트리오,1,pluck,,level-up,heartgold-soulsilver,pokeapi
85,dodrio,두트리오,1,quick-attack,전광석화,level-up,heartgold-soulsilver,pokeapi
85,dodrio,두트리오,1,rage,,level-up,heartgold-soulsilver,pokeapi
85,dodrio,두트리오,5,quick-attack,전광석화,level-up,heartgold-soulsilver,pokeapi
85,dodrio,두트리오,10,rage,,level-up,heartgold-soulsilver,pokeapi
85,dodrio,두트리오,14,fury-attack,,level-up,heartgold-soulsilver,pokeapi
85,dodrio,두트리오,19,pursuit,따라가때리기,level-up,heartgold-soulsilver,pokeapi
85,dodrio,두트리오,23,uproar,,level-up,heartgold-soulsilver,pokeapi
85,dodrio,두트리오,28,acupressure,,level-up,heartgold-soulsilver,pokeapi
85,dodrio,두트리오,34,tri-attack,,level-up,heartgold-soulsilver,pokeapi
85,dodrio,두트리오,41,agility,고속이동,level-up,heartgold-soulsilver,pokeapi
85,dodrio,두트리오,47,drill-peck,,level-up,heartgold-soulsilver,pokeapi
85,dodrio,두트리오,54,endeavor,,level-up,heartgold-soulsilver,pokeapi
86,seel,쥬쥬,1,headbutt,,level-up,heartgold-soulsilver,pokeapi
86,seel,쥬쥬,3,growl,,level-up,heartgold-soulsilver,pokeapi
86,seel,쥬쥬,7,water-sport,,level-up,heartgold-soulsilver,pokeapi
86,seel,쥬쥬,11,icy-wind,,level-up,heartgold-soulsilver,pokeapi
86,seel,쥬쥬,13,encore,,level-up,heartgold-soulsilver,pokeapi
86,seel,쥬쥬,17,ice-shard,얼음뭉치,level-up,heartgold-soulsilver,pokeapi
86,seel,쥬쥬,21,rest,잠자기,level-up,heartgold-soulsilver,pokeapi
86,seel,쥬쥬,23,aqua-ring,,level-up,heartgold-soulsilver,pokeapi
86,seel,쥬쥬,27,aurora-beam,,level-up,heartgold-soulsilver,pokeapi
86,seel,쥬쥬,31,aqua-jet,아쿠아제트,level-up,heartgold-soulsilver,pokeapi
86,seel,쥬쥬,33,brine,,level-up,heartgold-soulsilver,pokeapi
86,seel,쥬쥬,37,take-down,,level-up,heartgold-soulsilver,pokeapi
86,seel,쥬쥬,41,dive,,level-up,heartgold-soulsilver,pokeapi
86,seel,쥬쥬,43,aqua-tail,아쿠아테일,level-up,heartgold-soulsilver,pokeapi
86,seel,쥬쥬,47,ice-beam,냉동빔,level-up,heartgold-soulsilver,pokeapi
86,seel,쥬쥬,51,safeguard,,level-up,heartgold-soulsilver,pokeapi
87,dewgong,쥬레곤,1,growl,,level-up,heartgold-soulsilver,pokeapi
87,dewgong,쥬레곤,1,headbutt,,level-up,heartgold-soulsilver,pokeapi
87,dewgong,쥬레곤,1,icy-wind,,level-up,heartgold-soulsilver,pokeapi
87,dewgong,쥬레곤,1,signal-beam,,level-up,heartgold-soulsilver,pokeapi
87,dewgong,쥬레곤,3,growl,,level-up,heartgold-soulsilver,pokeapi
87,dewgong,쥬레곤,7,signal-beam,,level-up,heartgold-soulsilver,pokeapi
87,dewgong,쥬레곤,11,icy-wind,,level-up,heartgold-soulsilver,pokeapi
87,dewgong,쥬레곤,13,encore,,level-up,heartgold-soulsilver,pokeapi
87,dewgong,쥬레곤,17,ice-shard,얼음뭉치,level-up,heartgold-soulsilver,pokeapi
87,dewgong,쥬레곤,21,rest,잠자기,level-up,heartgold-soulsilver,pokeapi
87,dewgong,쥬레곤,23,aqua-ring,,level-up,heartgold-soulsilver,pokeapi
87,dewgong,쥬레곤,27,aurora-beam,,level-up,heartgold-soulsilver,pokeapi
87,dewgong,쥬레곤,31,aqua-jet,아쿠아제트,level-up,heartgold-soulsilver,pokeapi
87,dewgong,쥬레곤,33,brine,,level-up,heartgold-soulsilver,pokeapi
87,dewgong,쥬레곤,34,sheer-cold,,level-up,heartgold-soulsilver,pokeapi
87,dewgong,쥬레곤,37,take-down,,level-up,heartgold-soulsilver,pokeapi
87,dewgong,쥬레곤,41,dive,,level-up,heartgold-soulsilver,pokeapi
87,dewgong,쥬레곤,43,aqua-tail,아쿠아테일,level-up,heartgold-soulsilver,pokeapi
87,dewgong,쥬레곤,47,ice-beam,냉동빔,level-up,heartgold-soulsilver,pokeapi
87,dewgong,쥬레곤,51,safeguard,,level-up,heartgold-soulsilver,pokeapi
88,grimer,질퍽이,1,poison-gas,,level-up,heartgold-soulsilver,pokeapi
88,grimer,질퍽이,1,pound,,level-up,heartgold-soulsilver,pokeapi
88,grimer,질퍽이,4,harden,방어태세,level-up,heartgold-soulsilver,pokeapi
88,grimer,질퍽이,7,mud-slap,진흙뿌리기,level-up,heartgold-soulsilver,pokeapi
88,grimer,질퍽이,12,disable,,level-up,heartgold-soulsilver,pokeapi
88,grimer,질퍽이,17,minimize,,level-up,heartgold-soulsilver,pokeapi
88,grimer,질퍽이,20,sludge,,level-up,heartgold-soulsilver,pokeapi
88,grimer,질퍽이,23,mud-bomb,진흙폭탄,level-up,heartgold-soulsilver,pokeapi
88,grimer,질퍽이,28,fling,,level-up,heartgold-soulsilver,pokeapi
88,grimer,질퍽이,33,screech,싫은소리,level-up,heartgold-soulsilver,pokeapi
88,grimer,질퍽이,36,sludge-bomb,오물폭탄,level-up,heartgold-soulsilver,pokeapi
88,grimer,질퍽이,39,acid-armor,,level-up,heartgold-soulsilver,pokeapi
88,grimer,질퍽이,44,gunk-shot,,level-up,heartgold-soulsilver,pokeapi
88,grimer,질퍽이,49,memento,,level-up,heartgold-soulsilver,pokeapi
89,muk,질뻐기,1,harden,방어태세,level-up,heartgold-soulsilver,pokeapi
89,muk,질뻐기,1,mud-slap,진흙뿌리기,level-up,heartgold-soulsilver,pokeapi
89,muk,질뻐기,1,poison-gas,,level-up,heartgold-soulsilver,pokeapi
89,muk,질뻐기,1,pound,,level-up,heartgold-soulsilver,pokeapi
89,muk,질뻐기,4,harden,방어태세,level-up,heartgold-soulsilver,pokeapi
89,muk,질뻐기,7,mud-slap,진흙뿌리기,level-up,heartgold-soulsilver,pokeapi
89,muk,질뻐기,12,disable,,level-up,heartgold-soulsilver,pokeapi
89,muk,질뻐기,17,minimize,,level-up,heartgold-soulsilver,pokeapi
89,muk,질뻐기,20,sludge,,level-up,heartgold-soulsilver,pokeapi
89,muk,질뻐기,23,mud-bomb,진흙폭탄,level-up,heartgold-soulsilver,pokeapi
89,muk,질뻐기,28,fling,,level-up,heartgold-soulsilver,pokeapi
89,muk,질뻐기,33,screech,싫은소리,level-up,heartgold-soulsilver,pokeapi
89,muk,질뻐기,36,sludge-bomb,오물폭탄,level-up,heartgold-soulsilver,pokeapi
89,muk,질뻐기,44,acid-armor,,level-up,heartgold-soulsilver,pokeapi
89,muk,질뻐기,54,gunk-shot,,level-up,heartgold-soulsilver,pokeapi
89,muk,질뻐기,65,memento,,level-up,heartgold-soulsilver,pokeapi
90,shellder,셀러,1,tackle,,level-up,heartgold-soulsilver,pokeapi
90,shellder,셀러,4,withdraw,,level-up,heartgold-soulsilver,pokeapi
90,shellder,셀러,8,supersonic,,level-up,heartgold-soulsilver,pokeapi
90,shellder,셀러,13,icicle-spear,고드름침,level-up,heartgold-soulsilver,pokeapi
90,shellder,셀러,16,protect,,level-up,heartgold-soulsilver,pokeapi
90,shellder,셀러,20,leer,,level-up,heartgold-soulsilver,pokeapi
90,shellder,셀러,25,clamp,,level-up,heartgold-soulsilver,pokeapi
90,shellder,셀러,28,ice-shard,얼음뭉치,level-up,heartgold-soulsilver,pokeapi
90,shellder,셀러,32,aurora-beam,,level-up,heartgold-soulsilver,pokeapi
90,shellder,셀러,37,whirlpool,,level-up,heartgold-soulsilver,pokeapi
90,shellder,셀러,40,iron-defense,철벽,level-up,heartgold-soulsilver,pokeapi
90,shellder,셀러,44,brine,,level-up,heartgold-soulsilver,pokeapi
90,shellder,셀러,49,ice-beam,냉동빔,level-up,heartgold-soulsilver,pokeapi
91,cloyster,파르셀,1,aurora-beam,,level-up,heartgold-soulsilver,pokeapi
91,cloyster,파르셀,1,protect,,level-up,heartgold-soulsilver,pokeapi
91,cloyster,파르셀,1,supersonic,,level-up,heartgold-soulsilver,pokeapi
91,cloyster,파르셀,1,toxic-spikes,,level-up,heartgold-soulsilver,pokeapi
91,cloyster,파르셀,1,withdraw,,level-up,heartgold-soulsilver,pokeapi
91,cloyster,파르셀,28,spikes,,level-up,heartgold-soulsilver,pokeapi
91,cloyster,파르셀,40,spike-cannon,,level-up,heartgold-soulsilver,pokeapi
92,gastly,고오스,1,hypnosis,최면술,level-up,heartgold-soulsilver,pokeapi
92,gastly,고오스,1,lick,핥기,level-up,heartgold-soulsilver,pokeapi
92,gastly,고오스,5,spite,,level-up,heartgold-soulsilver,pokeapi
92,gastly,고오스,8,mean-look,,level-up,heartgold-soulsilver,pokeapi
92,gastly,고오스,12,curse,,level-up,heartgold-soulsilver,pokeapi
92,gastly,고오스,15,night-shade,,level-up,heartgold-soulsilver,pokeapi
92,gastly,고오스,19,confuse-ray,,level-up,heartgold-soulsilver,pokeapi
92,gastly,고오스,22,sucker-punch,기습,level-up,heartgold-soulsilver,pokeapi
92,gastly,고오스,26,payback,,level-up,heartgold-soulsilver,pokeapi
92,gastly,고오스,29,shadow-ball,섀도볼,level-up,heartgold-soulsilver,pokeapi
92,gastly,고오스,33,dream-eater,,level-up,heartgold-soulsilver,pokeapi
92,gastly,고오스,36,dark-pulse,악의파동,level-up,heartgold-soulsilver,pokeapi
92,gastly,고오스,40,destiny-bond,,level-up,heartgold-soulsilver,pokeapi
92,gastly,고오스,43,nightmare,,level-up,heartgold-soulsilver,pokeapi
93,haunter,고우스트,1,hypnosis,최면술,level-up,heartgold-soulsilver,pokeapi
93,haunter,고우스트,1,lick,핥기,level-up,heartgold-soulsilver,pokeapi
93,haunter,고우스트,1,spite,,level-up,heartgold-soulsilver,pokeapi
93,haunter,고우스트,5,spite,,level-up,heartgold-soulsilver,pokeapi
93,haunter,고우스트,8,mean-look,,level-up,heartgold-soulsilver,pokeapi
93,haunter,고우스트,12,curse,,level-up,heartgold-soulsilver,pokeapi
93,haunter,고우스트,15,night-shade,,level-up,heartgold-soulsilver,pokeapi
93,haunter,고우스트,19,confuse-ray,,level-up,heartgold-soulsilver,pokeapi
93,haunter,고우스트,22,sucker-punch,기습,level-up,heartgold-soulsilver,pokeapi
93,haunter,고우스트,25,shadow-punch,섀도펀치,level-up,heartgold-soulsilver,pokeapi
93,haunter,고우스트,28,payback,,level-up,heartgold-soulsilver,pokeapi
93,haunter,고우스트,33,shadow-ball,섀도볼,level-up,heartgold-soulsilver,pokeapi
93,haunter,고우스트,39,dream-eater,,level-up,heartgold-soulsilver,pokeapi
93,haunter,고우스트,44,dark-pulse,악의파동,level-up,heartgold-soulsilver,pokeapi
93,haunter,고우스트,50,destiny-bond,,level-up,heartgold-soulsilver,pokeapi
93,haunter,고우스트,55,nightmare,,level-up,heartgold-soulsilver,pokeapi
94,gengar,팬텀,1,hypnosis,최면술,level-up,heartgold-soulsilver,pokeapi
94,gengar,팬텀,1,lick,핥기,level-up,heartgold-soulsilver,pokeapi
94,gengar,팬텀,1,spite,,level-up,heartgold-soulsilver,pokeapi
94,gengar,팬텀,5,spite,,level-up,heartgold-soulsilver,pokeapi
94,gengar,팬텀,8,mean-look,,level-up,heartgold-soulsilver,pokeapi
94,gengar,팬텀,12,curse,,level-up,heartgold-soulsilver,pokeapi
94,gengar,팬텀,15,night-shade,,level-up,heartgold-soulsilver,pokeapi
94,gengar,팬텀,19,confuse-ray,,level-up,heartgold-soulsilver,pokeapi
94,gengar,팬텀,22,sucker-punch,기습,level-up,heartgold-soulsilver,pokeapi
94,gengar,팬텀,25,shadow-punch,섀도펀치,level-up,heartgold-soulsilver,pokeapi
94,gengar,팬텀,28,payback,,level-up,heartgold-soulsilver,pokeapi
94,gengar,팬텀,33,shadow-ball,섀도볼,level-up,heartgold-soulsilver,pokeapi
94,gengar,팬텀,39,dream-eater,,level-up,heartgold-soulsilver,pokeapi
94,gengar,팬텀,44,dark-pulse,악의파동,level-up,heartgold-soulsilver,pokeapi
94,gengar,팬텀,50,destiny-bond,,level-up,heartgold-soulsilver,pokeapi
94,gengar,팬텀,55,nightmare,,level-up,heartgold-soulsilver,pokeapi
95,onix,롱스톤,1,bind,,level-up,heartgold-soulsilver,pokeapi
95,onix,롱스톤,1,harden,방어태세,level-up,heartgold-soulsilver,pokeapi
95,onix,롱스톤,1,mud-sport,,level-up,heartgold-soulsilver,pokeapi
95,onix,롱스톤,1,tackle,,level-up,heartgold-soulsilver,pokeapi
95,onix,롱스톤,6,screech,싫은소리,level-up,heartgold-soulsilver,pokeapi
95,onix,롱스톤,9,rock-throw,,level-up,heartgold-soulsilver,pokeapi
95,onix,롱스톤,14,rage,,level-up,heartgold-soulsilver,pokeapi
95,onix,롱스톤,17,rock-tomb,암석봉인,level-up,heartgold-soulsilver,pokeapi
95,onix,롱스톤,22,sandstorm,,level-up,heartgold-soulsilver,pokeapi
95,onix,롱스톤,25,slam,,level-up,heartgold-soulsilver,pokeapi
95,onix,롱스톤,30,rock-polish,,level-up,heartgold-soulsilver,pokeapi
95,onix,롱스톤,33,dragon-breath,용의숨결,level-up,heartgold-soulsilver,pokeapi
95,onix,롱스톤,38,curse,,level-up,heartgold-soulsilver,pokeapi
95,onix,롱스톤,41,iron-tail,아이언테일,level-up,heartgold-soulsilver,pokeapi
95,onix,롱스톤,46,sand-tomb,,level-up,heartgold-soulsilver,pokeapi
95,onix,롱스톤,49,double-edge,이판사판태클,level-up,heartgold-soulsilver,pokeapi
95,onix,롱스톤,54,stone-edge,스톤샤워,level-up,heartgold-soulsilver,pokeapi
96,drowzee,슬리프,1,hypnosis,최면술,level-up,heartgold-soulsilver,pokeapi
96,drowzee,슬리프,1,pound,,level-up,heartgold-soulsilver,pokeapi
96,drowzee,슬리프,7,disable,,level-up,heartgold-soulsilver,pokeapi
96,drowzee,슬리프,9,confusion,염동력,level-up,heartgold-soulsilver,pokeapi
96,drowzee,슬리프,15,headbutt,,level-up,heartgold-soulsilver,pokeapi
96,drowzee,슬리프,18,poison-gas,,level-up,heartgold-soulsilver,pokeapi
96,drowzee,슬리프,21,meditate,,level-up,heartgold-soulsilver,pokeapi
96,drowzee,슬리프,26,psybeam,,level-up,heartgold-soulsilver,pokeapi
96,drowzee,슬리프,29,psych-up,,level-up,heartgold-soulsilver,pokeapi
96,drowzee,슬리프,32,headbutt,,level-up,heartgold-soulsilver,pokeapi
96,drowzee,슬리프,37,swagger,,level-up,heartgold-soulsilver,pokeapi
96,drowzee,슬리프,40,psychic,사이코키네시스,level-up,heartgold-soulsilver,pokeapi
96,drowzee,슬리프,43,nasty-plot,나쁜음모,level-up,heartgold-soulsilver,pokeapi
96,drowzee,슬리프,50,zen-headbutt,,level-up,heartgold-soulsilver,pokeapi
96,drowzee,슬리프,53,future-sight,,level-up,heartgold-soulsilver,pokeapi
97,hypno,슬리퍼,1,confusion,염동력,level-up,heartgold-soulsilver,pokeapi
97,hypno,슬리퍼,1,disable,,level-up,heartgold-soulsilver,pokeapi
97,hypno,슬리퍼,1,hypnosis,최면술,level-up,heartgold-soulsilver,pokeapi
97,hypno,슬리퍼,1,nightmare,,level-up,heartgold-soulsilver,pokeapi
97,hypno,슬리퍼,1,pound,,level-up,heartgold-soulsilver,pokeapi
97,hypno,슬리퍼,1,switcheroo,,level-up,heartgold-soulsilver,pokeapi
97,hypno,슬리퍼,7,disable,,level-up,heartgold-soulsilver,pokeapi
97,hypno,슬리퍼,9,confusion,염동력,level-up,heartgold-soulsilver,pokeapi
97,hypno,슬리퍼,15,headbutt,,level-up,heartgold-soulsilver,pokeapi
97,hypno,슬리퍼,18,poison-gas,,level-up,heartgold-soulsilver,pokeapi
97,hypno,슬리퍼,21,meditate,,level-up,heartgold-soulsilver,pokeapi
97,hypno,슬리퍼,28,psybeam,,level-up,heartgold-soulsilver,pokeapi
97,hypno,슬리퍼,33,psych-up,,level-up,heartgold-soulsilver,pokeapi
97,hypno,슬리퍼,38,headbutt,,level-up,heartgold-soulsilver,pokeapi
97,hypno,슬리퍼,45,swagger,,level-up,heartgold-soulsilver,pokeapi
97,hypno,슬리퍼,50,psychic,사이코키네시스,level-up,heartgold-soulsilver,pokeapi
97,hypno,슬리퍼,55,nasty-plot,나쁜음모,level-up,heartgold-soulsilver,pokeapi
97,hypno,슬리퍼,64,zen-headbutt,,level-up,heartgold-soulsilver,pokeapi
97,hypno,슬리퍼,69,future-sight,,level-up,heartgold-soulsilver,pokeapi
98,krabby,크랩,1,bubble,거품,level-up,heartgold-soulsilver,pokeapi
98,krabby,크랩,1,mud-sport,,level-up,heartgold-soulsilver,pokeapi
98,krabby,크랩,5,vice-grip,,level-up,heartgold-soulsilver,pokeapi
98,krabby,크랩,9,leer,,level-up,heartgold-soulsilver,pokeapi
98,krabby,크랩,11,harden,방어태세,level-up,heartgold-soulsilver,pokeapi
98,krabby,크랩,15,bubble-beam,,level-up,heartgold-soulsilver,pokeapi
98,krabby,크랩,19,mud-shot,,level-up,heartgold-soulsilver,pokeapi
98,krabby,크랩,21,metal-claw,메탈클로,level-up,heartgold-soulsilver,pokeapi
98,krabby,크랩,25,stomp,,level-up,heartgold-soulsilver,pokeapi
98,krabby,크랩,29,protect,,level-up,heartgold-soulsilver,pokeapi
98,krabby,크랩,31,guillotine,,level-up,heartgold-soulsilver,pokeapi
98,krabby,크랩,35,slam,,level-up,heartgold-soulsilver,pokeapi
98,krabby,크랩,39,brine,,level-up,heartgold-soulsilver,pokeapi
98,krabby,크랩,41,crabhammer,,level-up,heartgold-soulsilver,pokeapi
98,krabby,크랩,45,flail,,level-up,heartgold-soulsilver,pokeapi
99,kingler,킹크랩,1,bubble,거품,level-up,heartgold-soulsilver,pokeapi
99,kingler,킹크랩,1,mud-sport,,level-up,heartgold-soulsilver,pokeapi
99,kingler,킹크랩,1,vice-grip,,level-up,heartgold-soulsilver,pokeapi
99,kingler,킹크랩,5,vice-grip,,level-up,heartgold-soulsilver,pokeapi
99,kingler,킹크랩,9,leer,,level-up,heartgold-soulsilver,pokeapi
99,kingler,킹크랩,11,harden,방어태세,level-up,heartgold-soulsilver,pokeapi
99,kingler,킹크랩,15,bubble-beam,,level-up,heartgold-soulsilver,pokeapi
99,kingler,킹크랩,19,mud-shot,,level-up,heartgold-soulsilver,pokeapi
99,kingler,킹크랩,21,metal-claw,메탈클로,level-up,heartgold-soulsilver,pokeapi
99,kingler,킹크랩,25,stomp,,level-up,heartgold-soulsilver,pokeapi
99,kingler,킹크랩,32,protect,,level-up,heartgold-soulsilver,pokeapi
99,kingler,킹크랩,37,guillotine,,level-up,heartgold-soulsilver,pokeapi
99,kingler,킹크랩,44,slam,,level-up,heartgold-soulsilver,pokeapi
99,kingler,킹크랩,51,brine,,level-up,heartgold-soulsilver,pokeapi
99,kingler,킹크랩,56,crabhammer,,level-up,heartgold-soulsilver,pokeapi
99,kingler,킹크랩,63,flail,,level-up,heartgold-soulsilver,pokeapi
100,voltorb,찌리리공,1,charge,,level-up,heartgold-soulsilver,pokeapi
100,voltorb,찌리리공,5,tackle,,level-up,heartgold-soulsilver,pokeapi
100,voltorb,찌리리공,8,sonic-boom,,level-up,heartgold-soulsilver,pokeapi
100,voltorb,찌리리공,12,spark,,level-up,heartgold-soulsilver,pokeapi
100,voltorb,찌리리공,15,rollout,,level-up,heartgold-soulsilver,pokeapi
100,voltorb,찌리리공,19,screech,싫은소리,level-up,heartgold-soulsilver,pokeapi
100,voltorb,찌리리공,22,light-screen,,level-up,heartgold-soulsilver,pokeapi
100,voltorb,찌리리공,26,charge-beam,,level-up,heartgold-soulsilver,pokeapi
100,voltorb,찌리리공,29,self-destruct,,level-up,heartgold-soulsilver,pokeapi
100,voltorb,찌리리공,33,swift,스피드스타,level-up,heartgold-soulsilver,pokeapi
100,voltorb,찌리리공,36,magnet-rise,,level-up,heartgold-soulsilver,pokeapi
100,voltorb,찌리리공,40,gyro-ball,,level-up,heartgold-soulsilver,pokeapi
100,voltorb,찌리리공,43,explosion,대폭발,level-up,heartgold-soulsilver,pokeapi
100,voltorb,찌리리공,47,mirror-coat,,level-up,heartgold-soulsilver,pokeapi
101,electrode,붐볼,1,charge,,level-up,heartgold-soulsilver,pokeapi
101,electrode,붐볼,1,sonic-boom,,level-up,heartgold-soulsilver,pokeapi
101,electrode,붐볼,1,spark,,level-up,heartgold-soulsilver,pokeapi
101,electrode,붐볼,1,tackle,,level-up,heartgold-soulsilver,pokeapi
101,electrode,붐볼,5,tackle,,level-up,heartgold-soulsilver,pokeapi
101,electrode,붐볼,8,sonic-boom,,level-up,heartgold-soulsilver,pokeapi
101,electrode,붐볼,12,spark,,level-up,heartgold-soulsilver,pokeapi
101,electrode,붐볼,15,rollout,,level-up,heartgold-soulsilver,pokeapi
101,electrode,붐볼,19,screech,싫은소리,level-up,heartgold-soulsilver,pokeapi
101,electrode,붐볼,22,light-screen,,level-up,heartgold-soulsilver,pokeapi
101,electrode,붐볼,26,charge-beam,,level-up,heartgold-soulsilver,pokeapi
101,electrode,붐볼,29,self-destruct,,level-up,heartgold-soulsilver,pokeapi
101,electrode,붐볼,35,swift,스피드스타,level-up,heartgold-soulsilver,pokeapi
101,electrode,붐볼,40,magnet-rise,,level-up,heartgold-soulsilver,pokeapi
101,electrode,붐볼,46,gyro-ball,,level-up,heartgold-soulsilver,pokeapi
101,electrode,붐볼,51,explosion,대폭발,level-up,heartgold-soulsilver,pokeapi
101,electrode,붐볼,57,mirror-coat,,level-up,heartgold-soulsilver,pokeapi
102,exeggcute,아라리,1,barrage,,level-up,heartgold-soulsilver,pokeapi
102,exeggcute,아라리,1,hypnosis,최면술,level-up,heartgold-soulsilver,pokeapi
102,exeggcute,아라리,1,uproar,,level-up,heartgold-soulsilver,pokeapi
102,exeggcute,아라리,7,reflect,,level-up,heartgold-soulsilver,pokeapi
102,exeggcute,아라리,11,leech-seed,,level-up,heartgold-soulsilver,pokeapi
102,exeggcute,아라리,17,bullet-seed,씨기관총,level-up,heartgold-soulsilver,pokeapi
102,exeggcute,아라리,19,stun-spore,,level-up,heartgold-soulsilver,pokeapi
102,exeggcute,아라리,21,poison-powder,독가루,level-up,heartgold-soulsilver,pokeapi
102,exeggcute,아라리,23,sleep-powder,수면가루,level-up,heartgold-soulsilver,pokeapi
102,exeggcute,아라리,27,confusion,염동력,level-up,heartgold-soulsilver,pokeapi
102,exeggcute,아라리,33,worry-seed,,level-up,heartgold-soulsilver,pokeapi
102,exeggcute,아라리,37,natural-gift,,level-up,heartgold-soulsilver,pokeapi
102,exeggcute,아라리,43,solar-beam,,level-up,heartgold-soulsilver,pokeapi
102,exeggcute,아라리,47,psychic,사이코키네시스,level-up,heartgold-soulsilver,pokeapi
103,exeggutor,나시,1,barrage,,level-up,heartgold-soulsilver,pokeapi
103,exeggutor,나시,1,confusion,염동력,level-up,heartgold-soulsilver,pokeapi
103,exeggutor,나시,1,hypnosis,최면술,level-up,heartgold-soulsilver,pokeapi
103,exeggutor,나시,1,seed-bomb,,level-up,heartgold-soulsilver,pokeapi
103,exeggutor,나시,1,stomp,,level-up,heartgold-soulsilver,pokeapi
103,exeggutor,나시,17,stomp,,level-up,heartgold-soulsilver,pokeapi
103,exeggutor,나시,27,egg-bomb,,level-up,heartgold-soulsilver,pokeapi
103,exeggutor,나시,37,wood-hammer,우드해머,level-up,heartgold-soulsilver,pokeapi
103,exeggutor,나시,47,leaf-storm,,level-up,heartgold-soulsilver,pokeapi
104,cubone,탕구리,1,growl,,level-up,heartgold-soulsilver,pokeapi
104,cubone,탕구리,3,tail-whip,꼬리흔들기,level-up,heartgold-soulsilver,pokeapi
104,cubone,탕구리,7,bone-club,,level-up,heartgold-soulsilver,pokeapi
104,cubone,탕구리,11,headbutt,,level-up,heartgold-soulsilver,pokeapi
104,cubone,탕구리,13,leer,,level-up,heartgold-soulsilver,pokeapi
104,cubone,탕구리,17,focus-energy,,level-up,heartgold-soulsilver,pokeapi
104,cubone,탕구리,21,bonemerang,,level-up,heartgold-soulsilver,pokeapi
104,cubone,탕구리,23,rage,,level-up,heartgold-soulsilver,pokeapi
104,cubone,탕구리,27,false-swipe,,level-up,heartgold-soulsilver,pokeapi
104,cubone,탕구리,31,thrash,,level-up,heartgold-soulsilver,pokeapi
104,cubone,탕구리,33,fling,,level-up,heartgold-soulsilver,pokeapi
104,cubone,탕구리,37,bone-rush,본러시,level-up,heartgold-soulsilver,pokeapi
104,cubone,탕구리,41,endeavor,,level-up,heartgold-soulsilver,pokeapi
104,cubone,탕구리,43,double-edge,이판사판태클,level-up,heartgold-soulsilver,pokeapi
105,marowak,텅구리,1,bone-club,,level-up,heartgold-soulsilver,pokeapi
105,marowak,텅구리,1,growl,,level-up,heartgold-soulsilver,pokeapi
105,marowak,텅구리,1,headbutt,,level-up,heartgold-soulsilver,pokeapi
105,marowak,텅구리,1,tail-whip,꼬리흔들기,level-up,heartgold-soulsilver,pokeapi
105,marowak,텅구리,3,tail-whip,꼬리흔들기,level-up,heartgold-soulsilver,pokeapi
105,marowak,텅구리,7,bone-club,,level-up,heartgold-soulsilver,pokeapi
105,marowak,텅구리,11,headbutt,,level-up,heartgold-soulsilver,pokeapi
105,marowak,텅구리,13,leer,,level-up,heartgold-soulsilver,pokeapi
105,marowak,텅구리,17,focus-energy,,level-up,heartgold-soulsilver,pokeapi
105,marowak,텅구리,21,bonemerang,,level-up,heartgold-soulsilver,pokeapi
105,marowak,텅구리,23,rage,,level-up,heartgold-soulsilver,pokeapi
105,marowak,텅구리,27,false-swipe,,level-up,heartgold-soulsilver,pokeapi
105,marowak,텅구리,33,thrash,,level-up,heartgold-soulsilver,pokeapi
105,marowak,텅구리,37,fling,,level-up,heartgold-soulsilver,pokeapi
105,marowak,텅구리,43,bone-rush,본러시,level-up,heartgold-soulsilver,pokeapi
105,marowak,텅구리,49,endeavor,,level-up,heartgold-soulsilver,pokeapi
105,marowak,텅구리,53,double-edge,이판사판태클,level-up,heartgold-soulsilver,pokeapi
106,hitmonlee,시라소몬,1,double-kick,두번차기,level-up,heartgold-soulsilver,pokeapi
106,hitmonlee,시라소몬,1,revenge,,level-up,heartgold-soulsilver,pokeapi
106,hitmonlee,시라소몬,5,meditate,,level-up,heartgold-soulsilver,pokeapi
106,hitmonlee,시라소몬,9,rolling-kick,,level-up,heartgold-soulsilver,pokeapi
106,hitmonlee,시라소몬,13,jump-kick,,level-up,heartgold-soulsilver,pokeapi
106,hitmonlee,시라소몬,17,brick-break,깨트리기,level-up,heartgold-soulsilver,pokeapi
106,hitmonlee,시라소몬,21,focus-energy,,level-up,heartgold-soulsilver,pokeapi
106,hitmonlee,시라소몬,25,feint,,level-up,heartgold-soulsilver,pokeapi
106,hitmonlee,시라소몬,29,high-jump-kick,,level-up,heartgold-soulsilver,pokeapi
106,hitmonlee,시라소몬,33,mind-reader,,level-up,heartgold-soulsilver,pokeapi
106,hitmonlee,시라소몬,37,foresight,,level-up,heartgold-soulsilver,pokeapi
106,hitmonlee,시라소몬,41,blaze-kick,,level-up,heartgold-soulsilver,pokeapi
106,hitmonlee,시라소몬,45,endure,,level-up,heartgold-soulsilver,pokeapi
106,hitmonlee,시라소몬,49,mega-kick,,level-up,heartgold-soulsilver,pokeapi
106,hitmonlee,시라소몬,53,close-combat,인파이트,level-up,heartgold-soulsilver,pokeapi
106,hitmonlee,시라소몬,57,reversal,,level-up,heartgold-soulsilver,pokeapi
107,hitmonchan,홍수몬,1,comet-punch,,level-up,heartgold-soulsilver,pokeapi
107,hitmonchan,홍수몬,1,revenge,,level-up,heartgold-soulsilver,pokeapi
107,hitmonchan,홍수몬,6,agility,고속이동,level-up,heartgold-soulsilver,pokeapi
107,hitmonchan,홍수몬,11,pursuit,따라가때리기,level-up,heartgold-soulsilver,pokeapi
107,hitmonchan,홍수몬,16,bullet-punch,불릿펀치,level-up,heartgold-soulsilver,pokeapi
107,hitmonchan,홍수몬,16,mach-punch,마하펀치,level-up,heartgold-soulsilver,pokeapi
107,hitmonchan,홍수몬,21,feint,,level-up,heartgold-soulsilver,pokeapi
107,hitmonchan,홍수몬,26,vacuum-wave,,level-up,heartgold-soulsilver,pokeapi
107,hitmonchan,홍수몬,31,fire-punch,,level-up,heartgold-soulsilver,pokeapi
107,hitmonchan,홍수몬,31,ice-punch,,level-up,heartgold-soulsilver,pokeapi
107,hitmonchan,홍수몬,31,thunder-punch,,level-up,heartgold-soulsilver,pokeapi
107,hitmonchan,홍수몬,36,sky-uppercut,,level-up,heartgold-soulsilver,pokeapi
107,hitmonchan,홍수몬,41,mega-punch,,level-up,heartgold-soulsilver,pokeapi
107,hitmonchan,홍수몬,46,detect,,level-up,heartgold-soulsilver,pokeapi
107,hitmonchan,홍수몬,51,counter,,level-up,heartgold-soulsilver,pokeapi
107,hitmonchan,홍수몬,56,close-combat,인파이트,level-up,heartgold-soulsilver,pokeapi
108,lickitung,내루미,1,lick,핥기,level-up,heartgold-soulsilver,pokeapi
108,lickitung,내루미,5,supersonic,,level-up,heartgold-soulsilver,pokeapi
108,lickitung,내루미,9,defense-curl,,level-up,heartgold-soulsilver,pokeapi
108,lickitung,내루미,13,knock-off,,level-up,heartgold-soulsilver,pokeapi
108,lickitung,내루미,17,wrap,,level-up,heartgold-soulsilver,pokeapi
108,lickitung,내루미,21,stomp,,level-up,heartgold-soulsilver,pokeapi
108,lickitung,내루미,25,disable,,level-up,heartgold-soulsilver,pokeapi
108,lickitung,내루미,29,slam,,level-up,heartgold-soulsilver,pokeapi
108,lickitung,내루미,33,rollout,,level-up,heartgold-soulsilver,pokeapi
108,lickitung,내루미,37,me-first,,level-up,heartgold-soulsilver,pokeapi
108,lickitung,내루미,41,refresh,,level-up,heartgold-soulsilver,pokeapi
108,lickitung,내루미,45,screech,싫은소리,level-up,heartgold-soulsilver,pokeapi
108,lickitung,내루미,49,power-whip,,level-up,heartgold-soulsilver,pokeapi
108,lickitung,내루미,53,wring-out,,level-up,heartgold-soulsilver,pokeapi
109,koffing,또가스,1,poison-gas,,level-up,heartgold-soulsilver,pokeapi
109,koffing,또가스,1,tackle,,level-up,heartgold-soulsilver,pokeapi
109,koffing,또가스,6,smog,,level-up,heartgold-soulsilver,pokeapi
109,koffing,또가스,10,smokescreen,연막,level-up,heartgold-soulsilver,pokeapi
109,koffing,또가스,15,assurance,,level-up,heartgold-soulsilver,pokeapi
109,koffing,또가스,19,self-destruct,,level-up,heartgold-soulsilver,pokeapi
109,koffing,또가스,24,sludge,,level-up,heartgold-soulsilver,pokeapi
109,koffing,또가스,28,haze,,level-up,heartgold-soulsilver,pokeapi
109,koffing,또가스,33,gyro-ball,,level-up,heartgold-soulsilver,pokeapi
109,koffing,또가스,37,explosion,대폭발,level-up,heartgold-soulsilver,pokeapi
109,koffing,또가스,42,sludge-bomb,오물폭탄,level-up,heartgold-soulsilver,pokeapi
109,koffing,또가스,46,destiny-bond,,level-up,heartgold-soulsilver,pokeapi
109,koffing,또가스,51,memento,,level-up,heartgold-soulsilver,pokeapi
110,weezing,또도가스,1,poison-gas,,level-up,heartgold-soulsilver,pokeapi
110,weezing,또도가스,1,smog,,level-up,heartgold-soulsilver,pokeapi
110,weezing,또도가스,1,smokescreen,연막,level-up,heartgold-soulsilver,pokeapi
110,weezing,또도가스,1,tackle,,level-up,heartgold-soulsilver,pokeapi
110,weezing,또도가스,6,smog,,level-up,heartgold-soulsilver,pokeapi
110,weezing,또도가스,10,smokescreen,연막,level-up,heartgold-soulsilver,pokeapi
110,weezing,또도가스,15,assurance,,level-up,heartgold-soulsilver,pokeapi
110,weezing,또도가스,19,self-destruct,,level-up,heartgold-soulsilver,pokeapi
110,weezing,또도가스,24,sludge,,level-up,heartgold-soulsilver,pokeapi
110,weezing,또도가스,28,haze,,level-up,heartgold-soulsilver,pokeapi
110,weezing,또도가스,33,double-hit,,level-up,heartgold-soulsilver,pokeapi
110,weezing,또도가스,40,explosion,대폭발,level-up,heartgold-soulsilver,pokeapi
110,weezing,또도가스,48,sludge-bomb,오물폭탄,level-up,heartgold-soulsilver,pokeapi
110,weezing,또도가스,55,destiny-bond,,level-up,heartgold-soulsilver,pokeapi
110,weezing,또도가스,63,memento,,level-up,heartgold-soulsilver,pokeapi
111,rhyhorn,뿔카노,1,horn-attack,,level-up,heartgold-soulsilver,pokeapi
111,rhyhorn,뿔카노,1,tail-whip,꼬리흔들기,level-up,heartgold-soulsilver,pokeapi
111,rhyhorn,뿔카노,9,stomp,,level-up,heartgold-soulsilver,pokeapi
111,rhyhorn,뿔카노,13,fury-attack,,level-up,heartgold-soulsilver,pokeapi
111,rhyhorn,뿔카노,21,scary-face,겁나는얼굴,level-up,heartgold-soulsilver,pokeapi
111,rhyhorn,뿔카노,25,rock-blast,락블라스트,level-up,heartgold-soulsilver,pokeapi
111,rhyhorn,뿔카노,33,take-down,,level-up,heartgold-soulsilver,pokeapi
111,rhyhorn,뿔카노,37,horn-drill,,level-up,heartgold-soulsilver,pokeapi
111,rhyhorn,뿔카노,45,stone-edge,스톤샤워,level-up,heartgold-soulsilver,pokeapi
111,rhyhorn,뿔카노,49,earthquake,지진,level-up,heartgold-soulsilver,pokeapi
111,rhyhorn,뿔카노,57,megahorn,,level-up,heartgold-soulsilver,pokeapi
112,rhydon,코뿌리,1,fury-attack,,level-up,heartgold-soulsilver,pokeapi
112,rhydon,코뿌리,1,horn-attack,,level-up,heartgold-soulsilver,pokeapi
112,rhydon,코뿌리,1,stomp,,level-up,heartgold-soulsilver,pokeapi
112,rhydon,코뿌리,1,tail-whip,꼬리흔들기,level-up,heartgold-soulsilver,pokeapi
112,rhydon,코뿌리,9,stomp,,level-up,heartgold-soulsilver,pokeapi
112,rhydon,코뿌리,13,fury-attack,,level-up,heartgold-soulsilver,pokeapi
112,rhydon,코뿌리,21,scary-face,겁나는얼굴,level-up,heartgold-soulsilver,pokeapi
112,rhydon,코뿌리,25,rock-blast,락블라스트,level-up,heartgold-soulsilver,pokeapi
112,rhydon,코뿌리,33,take-down,,level-up,heartgold-soulsilver,pokeapi
112,rhydon,코뿌리,37,horn-drill,,level-up,heartgold-soulsilver,pokeapi
112,rhydon,코뿌리,42,hammer-arm,,level-up,heartgold-soulsilver,pokeapi
112,rhydon,코뿌리,45,stone-edge,스톤샤워,level-up,heartgold-soulsilver,pokeapi
112,rhydon,코뿌리,49,earthquake,지진,level-up,heartgold-soulsilver,pokeapi
112,rhydon,코뿌리,57,megahorn,,level-up,heartgold-soulsilver,pokeapi
113,chansey,럭키,1,growl,,level-up,heartgold-soulsilver,pokeapi
113,chansey,럭키,1,pound,,level-up,heartgold-soulsilver,pokeapi
113,chansey,럭키,5,tail-whip,꼬리흔들기,level-up,heartgold-soulsilver,pokeapi
113,chansey,럭키,9,refresh,,level-up,heartgold-soulsilver,pokeapi
113,chansey,럭키,12,soft-boiled,,level-up,heartgold-soulsilver,pokeapi
113,chansey,럭키,16,double-slap,,level-up,heartgold-soulsilver,pokeapi
113,chansey,럭키,20,minimize,,level-up,heartgold-soulsilver,pokeapi
113,chansey,럭키,23,sing,노래하기,level-up,heartgold-soulsilver,pokeapi
113,chansey,럭키,27,fling,,level-up,heartgold-soulsilver,pokeapi
113,chansey,럭키,31,defense-curl,,level-up,heartgold-soulsilver,pokeapi
113,chansey,럭키,34,light-screen,,level-up,heartgold-soulsilver,pokeapi
113,chansey,럭키,38,egg-bomb,,level-up,heartgold-soulsilver,pokeapi
113,chansey,럭키,42,healing-wish,,level-up,heartgold-soulsilver,pokeapi
113,chansey,럭키,46,double-edge,이판사판태클,level-up,heartgold-soulsilver,pokeapi
114,tangela,덩쿠리,1,constrict,,level-up,heartgold-soulsilver,pokeapi
114,tangela,덩쿠리,1,ingrain,,level-up,heartgold-soulsilver,pokeapi
114,tangela,덩쿠리,5,sleep-powder,수면가루,level-up,heartgold-soulsilver,pokeapi
114,tangela,덩쿠리,8,absorb,흡수,level-up,heartgold-soulsilver,pokeapi
114,tangela,덩쿠리,12,growth,,level-up,heartgold-soulsilver,pokeapi
114,tangela,덩쿠리,15,poison-powder,독가루,level-up,heartgold-soulsilver,pokeapi
114,tangela,덩쿠리,19,vine-whip,,level-up,heartgold-soulsilver,pokeapi
114,tangela,덩쿠리,22,bind,,level-up,heartgold-soulsilver,pokeapi
114,tangela,덩쿠리,26,mega-drain,메가드레인,level-up,heartgold-soulsilver,pokeapi
114,tangela,덩쿠리,29,stun-spore,,level-up,heartgold-soulsilver,pokeapi
114,tangela,덩쿠리,33,ancient-power,,level-up,heartgold-soulsilver,pokeapi
114,tangela,덩쿠리,36,knock-off,,level-up,heartgold-soulsilver,pokeapi
114,tangela,덩쿠리,40,natural-gift,,level-up,heartgold-soulsilver,pokeapi
114,tangela,덩쿠리,43,slam,,level-up,heartgold-soulsilver,pokeapi
114,tangela,덩쿠리,47,tickle,간지르기,level-up,heartgold-soulsilver,pokeapi
114,tangela,덩쿠리,50,wring-out,,level-up,heartgold-soulsilver,pokeapi
114,tangela,덩쿠리,54,power-whip,,level-up,heartgold-soulsilver,pokeapi
115,kangaskhan,캥카,1,comet-punch,,level-up,heartgold-soulsilver,pokeapi
115,kangaskhan,캥카,1,leer,,level-up,heartgold-soulsilver,pokeapi
115,kangaskhan,캥카,7,fake-out,,level-up,heartgold-soulsilver,pokeapi
115,kangaskhan,캥카,10,tail-whip,꼬리흔들기,level-up,heartgold-soulsilver,pokeapi
115,kangaskhan,캥카,13,bite,물기,level-up,heartgold-soulsilver,pokeapi
115,kangaskhan,캥카,19,mega-punch,,level-up,heartgold-soulsilver,pokeapi
115,kangaskhan,캥카,22,rage,,level-up,heartgold-soulsilver,pokeapi
115,kangaskhan,캥카,25,dizzy-punch,,level-up,heartgold-soulsilver,pokeapi
115,kangaskhan,캥카,31,crunch,깨물어부수기,level-up,heartgold-soulsilver,pokeapi
115,kangaskhan,캥카,34,endure,,level-up,heartgold-soulsilver,pokeapi
115,kangaskhan,캥카,37,outrage,역린,level-up,heartgold-soulsilver,pokeapi
115,kangaskhan,캥카,43,double-hit,,level-up,heartgold-soulsilver,pokeapi
115,kangaskhan,캥카,46,sucker-punch,기습,level-up,heartgold-soulsilver,pokeapi
115,kangaskhan,캥카,49,reversal,,level-up,heartgold-soulsilver,pokeapi
116,horsea,쏘드라,1,bubble,거품,level-up,heartgold-soulsilver,pokeapi
116,horsea,쏘드라,4,smokescreen,연막,level-up,heartgold-soulsilver,pokeapi
116,horsea,쏘드라,8,leer,,level-up,heartgold-soulsilver,pokeapi
116,horsea,쏘드라,11,water-gun,,level-up,heartgold-soulsilver,pokeapi
116,horsea,쏘드라,14,focus-energy,,level-up,heartgold-soulsilver,pokeapi
116,horsea,쏘드라,18,bubble-beam,,level-up,heartgold-soulsilver,pokeapi
116,horsea,쏘드라,23,agility,고속이동,level-up,heartgold-soulsilver,pokeapi
116,horsea,쏘드라,26,twister,회오리,level-up,heartgold-soulsilver,pokeapi
116,horsea,쏘드라,30,brine,,level-up,heartgold-soulsilver,pokeapi
116,horsea,쏘드라,35,hydro-pump,하이드로펌프,level-up,heartgold-soulsilver,pokeapi
116,horsea,쏘드라,38,dragon-dance,용의춤,level-up,heartgold-soulsilver,pokeapi
116,horsea,쏘드라,42,dragon-pulse,용의파동,level-up,heartgold-soulsilver,pokeapi
117,seadra,시드라,1,bubble,거품,level-up,heartgold-soulsilver,pokeapi
117,seadra,시드라,1,leer,,level-up,heartgold-soulsilver,pokeapi
117,seadra,시드라,1,smokescreen,연막,level-up,heartgold-soulsilver,pokeapi
117,seadra,시드라,1,water-gun,,level-up,heartgold-soulsilver,pokeapi
117,seadra,시드라,4,smokescreen,연막,level-up,heartgold-soulsilver,pokeapi
117,seadra,시드라,8,leer,,level-up,heartgold-soulsilver,pokeapi
117,seadra,시드라,11,water-gun,,level-up,heartgold-soulsilver,pokeapi
117,seadra,시드라,14,focus-energy,,level-up,heartgold-soulsilver,pokeapi
117,seadra,시드라,18,bubble-beam,,level-up,heartgold-soulsilver,pokeapi
117,seadra,시드라,23,agility,고속이동,level-up,heartgold-soulsilver,pokeapi
117,seadra,시드라,26,twister,회오리,level-up,heartgold-soulsilver,pokeapi
117,seadra,시드라,30,brine,,level-up,heartgold-soulsilver,pokeapi
117,seadra,시드라,40,hydro-pump,하이드로펌프,level-up,heartgold-soulsilver,pokeapi
117,seadra,시드라,48,dragon-dance,용의춤,level-up,heartgold-soulsilver,pokeapi
117,seadra,시드라,57,dragon-pulse,용의파동,level-up,heartgold-soulsilver,pokeapi
118,goldeen,콘치,1,peck,쪼기,level-up,heartgold-soulsilver,pokeapi
118,goldeen,콘치,1,tail-whip,꼬리흔들기,level-up,heartgold-soulsilver,pokeapi
118,goldeen,콘치,1,water-sport,,level-up,heartgold-soulsilver,pokeapi
118,goldeen,콘치,7,supersonic,,level-up,heartgold-soulsilver,pokeapi
118,goldeen,콘치,11,horn-attack,,level-up,heartgold-soulsilver,pokeapi
118,goldeen,콘치,17,water-pulse,물의파동,level-up,heartgold-soulsilver,pokeapi
118,goldeen,콘치,21,flail,,level-up,heartgold-soulsilver,pokeapi
118,goldeen,콘치,27,aqua-ring,,level-up,heartgold-soulsilver,pokeapi
118,goldeen,콘치,31,fury-attack,,level-up,heartgold-soulsilver,pokeapi
118,goldeen,콘치,37,waterfall,폭포오르기,level-up,heartgold-soulsilver,pokeapi
118,goldeen,콘치,41,horn-drill,,level-up,heartgold-soulsilver,pokeapi
118,goldeen,콘치,47,agility,고속이동,level-up,heartgold-soulsilver,pokeapi
118,goldeen,콘치,51,megahorn,,level-up,heartgold-soulsilver,pokeapi
119,seaking,왕콘치,1,peck,쪼기,level-up,heartgold-soulsilver,pokeapi
119,seaking,왕콘치,1,poison-jab,독찌르기,level-up,heartgold-soulsilver,pokeapi
119,seaking,왕콘치,1,supersonic,,level-up,heartgold-soulsilver,pokeapi
119,seaking,왕콘치,1,tail-whip,꼬리흔들기,level-up,heartgold-soulsilver,pokeapi
119,seaking,왕콘치,1,water-sport,,level-up,heartgold-soulsilver,pokeapi
119,seaking,왕콘치,7,supersonic,,level-up,heartgold-soulsilver,pokeapi
119,seaking,왕콘치,11,horn-attack,,level-up,heartgold-soulsilver,pokeapi
119,seaking,왕콘치,17,water-pulse,물의파동,level-up,heartgold-soulsilver,pokeapi
119,seaking,왕콘치,21,flail,,level-up,heartgold-soulsilver,pokeapi
119,seaking,왕콘치,27,aqua-ring,,level-up,heartgold-soulsilver,pokeapi
119,seaking,왕콘치,31,fury-attack,,level-up,heartgold-soulsilver,pokeapi
119,seaking,왕콘치,40,waterfall,폭포오르기,level-up,heartgold-soulsilver,pokeapi
119,seaking,왕콘치,47,horn-drill,,level-up,heartgold-soulsilver,pokeapi
119,seaking,왕콘치,56,agility,고속이동,level-up,heartgold-soulsilver,pokeapi
119,seaking,왕콘치,63,megahorn,,level-up,heartgold-soulsilver,pokeapi
120,staryu,별가사리,1,harden,방어태세,level-up,heartgold-soulsilver,pokeapi
120,staryu,별가사리,1,tackle,,level-up,heartgold-soulsilver,pokeapi
120,staryu,별가사리,6,water-gun,,level-up,heartgold-soulsilver,pokeapi
120,staryu,별가사리,10,rapid-spin,,level-up,heartgold-soulsilver,pokeapi
120,staryu,별가사리,15,recover,HP회복,level-up,heartgold-soulsilver,pokeapi
120,staryu,별가사리,19,camouflage,,level-up,heartgold-soulsilver,pokeapi
120,staryu,별가사리,24,swift,스피드스타,level-up,heartgold-soulsilver,pokeapi
120,staryu,별가사리,28,bubble-beam,,level-up,heartgold-soulsilver,pokeapi
120,staryu,별가사리,33,minimize,,level-up,heartgold-soulsilver,pokeapi
120,staryu,별가사리,37,gyro-ball,,level-up,heartgold-soulsilver,pokeapi
120,staryu,별가사리,42,light-screen,,level-up,heartgold-soulsilver,pokeapi
120,staryu,별가사리,46,power-gem,,level-up,heartgold-soulsilver,pokeapi
120,staryu,별가사리,51,cosmic-power,,level-up,heartgold-soulsilver,pokeapi
120,staryu,별가사리,55,hydro-pump,하이드로펌프,level-up,heartgold-soulsilver,pokeapi
121,starmie,아쿠스타,1,rapid-spin,,level-up,heartgold-soulsilver,pokeapi
121,starmie,아쿠스타,1,recover,HP회복,level-up,heartgold-soulsilver,pokeapi
121,starmie,아쿠스타,1,swift,스피드스타,level-up,heartgold-soulsilver,pokeapi
121,starmie,아쿠스타,1,water-gun,,level-up,heartgold-soulsilver,pokeapi
121,starmie,아쿠스타,28,confuse-ray,,level-up,heartgold-soulsilver,pokeapi
122,mr-mime,마임맨,1,barrier,,level-up,heartgold-soulsilver,pokeapi
122,mr-mime,마임맨,1,confusion,염동력,level-up,heartgold-soulsilver,pokeapi
122,mr-mime,마임맨,1,guard-swap,,level-up,heartgold-soulsilver,pokeapi
122,mr-mime,마임맨,1,magical-leaf,,level-up,heartgold-soulsilver,pokeapi
122,mr-mime,마임맨,1,power-swap,,level-up,heartgold-soulsilver,pokeapi
122,mr-mime,마임맨,4,copycat,,level-up,heartgold-soulsilver,pokeapi
122,mr-mime,마임맨,8,meditate,,level-up,heartgold-soulsilver,pokeapi
122,mr-mime,마임맨,11,encore,,level-up,heartgold-soulsilver,pokeapi
122,mr-mime,마임맨,15,double-slap,,level-up,heartgold-soulsilver,pokeapi
122,mr-mime,마임맨,18,mimic,,level-up,heartgold-soulsilver,pokeapi
122,mr-mime,마임맨,22,light-screen,,level-up,heartgold-soulsilver,pokeapi
122,mr-mime,마임맨,22,reflect,,level-up,heartgold-soulsilver,pokeapi
122,mr-mime,마임맨,25,psybeam,,level-up,heartgold-soulsilver,pokeapi
122,mr-mime,마임맨,29,substitute,,level-up,heartgold-soulsilver,pokeapi
122,mr-mime,마임맨,32,recycle,,level-up,heartgold-soulsilver,pokeapi
122,mr-mime,마임맨,36,trick,,level-up,heartgold-soulsilver,pokeapi
122,mr-mime,마임맨,39,psychic,사이코키네시스,level-up,heartgold-soulsilver,pokeapi
122,mr-mime,마임맨,43,role-play,,level-up,heartgold-soulsilver,pokeapi
122,mr-mime,마임맨,46,baton-pass,,level-up,heartgold-soulsilver,pokeapi
122,mr-mime,마임맨,50,safeguard,,level-up,heartgold-soulsilver,pokeapi
123,scyther,스라크,1,leer,,level-up,heartgold-soulsilver,pokeapi
123,scyther,스라크,1,quick-attack,전광석화,level-up,heartgold-soulsilver,pokeapi
123,scyther,스라크,1,vacuum-wave,,level-up,heartgold-soulsilver,pokeapi
123,scyther,스라크,5,focus-energy,,level-up,heartgold-soulsilver,pokeapi
123,scyther,스라크,9,pursuit,따라가때리기,level-up,heartgold-soulsilver,pokeapi
123,scyther,스라크,13,false-swipe,,level-up,heartgold-soulsilver,pokeapi
123,scyther,스라크,17,agility,고속이동,level-up,heartgold-soulsilver,pokeapi
123,scyther,스라크,21,wing-attack,날개치기,level-up,heartgold-soulsilver,pokeapi
123,scyther,스라크,25,fury-cutter,연속자르기,level-up,heartgold-soulsilver,pokeapi
123,scyther,스라크,29,slash,베어가르기,level-up,heartgold-soulsilver,pokeapi
123,scyther,스라크,33,razor-wind,,level-up,heartgold-soulsilver,pokeapi
123,scyther,스라크,37,double-team,,level-up,heartgold-soulsilver,pokeapi
123,scyther,스라크,41,x-scissor,시저크로스,level-up,heartgold-soulsilver,pokeapi
123,scyther,스라크,45,night-slash,깜짝베기,level-up,heartgold-soulsilver,pokeapi
123,scyther,스라크,49,double-hit,,level-up,heartgold-soulsilver,pokeapi
123,scyther,스라크,53,air-slash,에어슬래시,level-up,heartgold-soulsilver,pokeapi
123,scyther,스라크,57,swords-dance,칼춤,level-up,heartgold-soulsilver,pokeapi
123,scyther,스라크,61,feint,,level-up,heartgold-soulsilver,pokeapi
124,jynx,루주라,1,lick,핥기,level-up,heartgold-soulsilver,pokeapi
124,jynx,루주라,1,lovely-kiss,,level-up,heartgold-soulsilver,pokeapi
124,jynx,루주라,1,pound,,level-up,heartgold-soulsilver,pokeapi
124,jynx,루주라,1,powder-snow,눈싸라기,level-up,heartgold-soulsilver,pokeapi
124,jynx,루주라,5,lick,핥기,level-up,heartgold-soulsilver,pokeapi
124,jynx,루주라,8,lovely-kiss,,level-up,heartgold-soulsilver,pokeapi
124,jynx,루주라,11,powder-snow,눈싸라기,level-up,heartgold-soulsilver,pokeapi
124,jynx,루주라,15,double-slap,,level-up,heartgold-soulsilver,pokeapi
124,jynx,루주라,18,ice-punch,,level-up,heartgold-soulsilver,pokeapi
124,jynx,루주라,21,mean-look,,level-up,heartgold-soulsilver,pokeapi
124,jynx,루주라,25,fake-tears,,level-up,heartgold-soulsilver,pokeapi
124,jynx,루주라,28,wake-up-slap,,level-up,heartgold-soulsilver,pokeapi
124,jynx,루주라,33,avalanche,,level-up,heartgold-soulsilver,pokeapi
124,jynx,루주라,39,body-slam,누르기,level-up,heartgold-soulsilver,pokeapi
124,jynx,루주라,44,wring-out,,level-up,heartgold-soulsilver,pokeapi
124,jynx,루주라,49,perish-song,멸망의노래,level-up,heartgold-soulsilver,pokeapi
124,jynx,루주라,55,blizzard,,level-up,heartgold-soulsilver,pokeapi
125,electabuzz,에레브,1,leer,,level-up,heartgold-soulsilver,pokeapi
125,electabuzz,에레브,1,quick-attack,전광석화,level-up,heartgold-soulsilver,pokeapi
125,electabuzz,에레브,1,thunder-shock,,level-up,heartgold-soulsilver,pokeapi
125,electabuzz,에레브,7,thunder-shock,,level-up,heartgold-soulsilver,pokeapi
125,electabuzz,에레브,10,low-kick,안다리걸기,level-up,heartgold-soulsilver,pokeapi
125,electabuzz,에레브,16,swift,스피드스타,level-up,heartgold-soulsilver,pokeapi
125,electabuzz,에레브,19,shock-wave,전격파,level-up,heartgold-soulsilver,pokeapi
125,electabuzz,에레브,25,light-screen,,level-up,heartgold-soulsilver,pokeapi
125,electabuzz,에레브,28,thunder-punch,,level-up,heartgold-soulsilver,pokeapi
125,electabuzz,에레브,37,discharge,,level-up,heartgold-soulsilver,pokeapi
125,electabuzz,에레브,43,thunderbolt,10만볼트,level-up,heartgold-soulsilver,pokeapi
125,electabuzz,에레브,52,screech,싫은소리,level-up,heartgold-soulsilver,pokeapi
125,electabuzz,에레브,58,thunder,번개,level-up,heartgold-soulsilver,pokeapi
126,magmar,마그마,1,ember,작은불꽃,level-up,heartgold-soulsilver,pokeapi
126,magmar,마그마,1,leer,,level-up,heartgold-soulsilver,pokeapi
126,magmar,마그마,1,smog,,level-up,heartgold-soulsilver,pokeapi
126,magmar,마그마,7,ember,작은불꽃,level-up,heartgold-soulsilver,pokeapi
126,magmar,마그마,10,smokescreen,연막,level-up,heartgold-soulsilver,pokeapi
126,magmar,마그마,16,feint-attack,,level-up,heartgold-soulsilver,pokeapi
126,magmar,마그마,19,fire-spin,,level-up,heartgold-soulsilver,pokeapi
126,magmar,마그마,25,confuse-ray,,level-up,heartgold-soulsilver,pokeapi
126,magmar,마그마,28,fire-punch,,level-up,heartgold-soulsilver,pokeapi
126,magmar,마그마,36,lava-plume,,level-up,heartgold-soulsilver,pokeapi
126,magmar,마그마,41,flamethrower,화염방사,level-up,heartgold-soulsilver,pokeapi
126,magmar,마그마,49,sunny-day,,level-up,heartgold-soulsilver,pokeapi
126,magmar,마그마,54,fire-blast,불대문자,level-up,heartgold-soulsilver,pokeapi
127,pinsir,쁘사이저,1,focus-energy,,level-up,heartgold-soulsilver,pokeapi
127,pinsir,쁘사이저,1,vice-grip,,level-up,heartgold-soulsilver,pokeapi
127,pinsir,쁘사이저,4,bind,,level-up,heartgold-soulsilver,pokeapi
127,pinsir,쁘사이저,8,seismic-toss,,level-up,heartgold-soulsilver,pokeapi
127,pinsir,쁘사이저,13,harden,방어태세,level-up,heartgold-soulsilver,pokeapi
127,pinsir,쁘사이저,18,revenge,,level-up,heartgold-soulsilver,pokeapi
127,pinsir,쁘사이저,21,brick-break,깨트리기,level-up,heartgold-soulsilver,pokeapi
127,pinsir,쁘사이저,25,vital-throw,,level-up,heartgold-soulsilver,pokeapi
127,pinsir,쁘사이저,30,x-scissor,시저크로스,level-up,heartgold-soulsilver,pokeapi
127,pinsir,쁘사이저,35,thrash,,level-up,heartgold-soulsilver,pokeapi
127,pinsir,쁘사이저,38,swords-dance,칼춤,level-up,heartgold-soulsilver,pokeapi
127,pinsir,쁘사이저,42,submission,,level-up,heartgold-soulsilver,pokeapi
127,pinsir,쁘사이저,47,guillotine,,level-up,heartgold-soulsilver,pokeapi
127,pinsir,쁘사이저,52,superpower,,level-up,heartgold-soulsilver,pokeapi
128,tauros,켄타로스,1,tackle,,level-up,heartgold-soulsilver,pokeapi
128,tauros,켄타로스,3,tail-whip,꼬리흔들기,level-up,heartgold-soulsilver,pokeapi
128,tauros,켄타로스,5,rage,,level-up,heartgold-soulsilver,pokeapi
128,tauros,켄타로스,8,horn-attack,,level-up,heartgold-soulsilver,pokeapi
128,tauros,켄타로스,11,scary-face,겁나는얼굴,level-up,heartgold-soulsilver,pokeapi
128,tauros,켄타로스,15,pursuit,따라가때리기,level-up,heartgold-soulsilver,pokeapi
128,tauros,켄타로스,19,rest,잠자기,level-up,heartgold-soulsilver,pokeapi
128,tauros,켄타로스,24,payback,,level-up,heartgold-soulsilver,pokeapi
128,tauros,켄타로스,29,zen-headbutt,,level-up,heartgold-soulsilver,pokeapi
128,tauros,켄타로스,35,take-down,,level-up,heartgold-soulsilver,pokeapi
128,tauros,켄타로스,41,swagger,,level-up,heartgold-soulsilver,pokeapi
128,tauros,켄타로스,48,thrash,,level-up,heartgold-soulsilver,pokeapi
128,tauros,켄타로스,55,giga-impact,,level-up,heartgold-soulsilver,pokeapi
129,magikarp,잉어킹,1,splash,,level-up,heartgold-soulsilver,pokeapi
129,magikarp,잉어킹,15,tackle,,level-up,heartgold-soulsilver,pokeapi
129,magikarp,잉어킹,30,flail,,level-up,heartgold-soulsilver,pokeapi
130,gyarados,갸라도스,1,thrash,,level-up,heartgold-soulsilver,pokeapi
130,gyarados,갸라도스,20,bite,물기,level-up,heartgold-soulsilver,pokeapi
130,gyarados,갸라도스,23,dragon-rage,,level-up,heartgold-soulsilver,pokeapi
130,gyarados,갸라도스,26,leer,,level-up,heartgold-soulsilver,pokeapi
130,gyarados,갸라도스,29,twister,회오리,level-up,heartgold-soulsilver,pokeapi
130,gyarados,갸라도스,32,ice-fang,,level-up,heartgold-soulsilver,pokeapi
130,gyarados,갸라도스,35,aqua-tail,아쿠아테일,level-up,heartgold-soulsilver,pokeapi
130,gyarados,갸라도스,38,rain-dance,,level-up,heartgold-soulsilver,pokeapi
130,gyarados,갸라도스,41,hydro-pump,하이드로펌프,level-up,heartgold-soulsilver,pokeapi
130,gyarados,갸라도스,44,dragon-dance,용의춤,level-up,heartgold-soulsilver,pokeapi
130,gyarados,갸라도스,47,hyper-beam,파괴광선,level-up,heartgold-soulsilver,pokeapi
131,lapras,라프라스,1,growl,,level-up,heartgold-soulsilver,pokeapi
131,lapras,라프라스,1,sing,노래하기,level-up,heartgold-soulsilver,pokeapi
131,lapras,라프라스,1,water-gun,,level-up,heartgold-soulsilver,pokeapi
131,lapras,라프라스,4,mist,,level-up,heartgold-soulsilver,pokeapi
131,lapras,라프라스,7,confuse-ray,,level-up,heartgold-soulsilver,pokeapi
131,lapras,라프라스,10,ice-shard,얼음뭉치,level-up,heartgold-soulsilver,pokeapi
131,lapras,라프라스,14,water-pulse,물의파동,level-up,heartgold-soulsilver,pokeapi
131,lapras,라프라스,18,body-slam,누르기,level-up,heartgold-soulsilver,pokeapi
131,lapras,라프라스,22,rain-dance,,level-up,heartgold-soulsilver,pokeapi
131,lapras,라프라스,27,perish-song,멸망의노래,level-up,heartgold-soulsilver,pokeapi
131,lapras,라프라스,32,ice-beam,냉동빔,level-up,heartgold-soulsilver,pokeapi
131,lapras,라프라스,37,brine,,level-up,heartgold-soulsilver,pokeapi
131,lapras,라프라스,43,safeguard,,level-up,heartgold-soulsilver,pokeapi
131,lapras,라프라스,49,hydro-pump,하이드로펌프,level-up,heartgold-soulsilver,pokeapi
131,lapras,라프라스,55,sheer-cold,,level-up,heartgold-soulsilver,pokeapi
132,ditto,메타몽,1,transform,,level-up,heartgold-soulsilver,pokeapi
133,eevee,이브이,1,helping-hand,,level-up,heartgold-soulsilver,pokeapi
133,eevee,이브이,1,tackle,,level-up,heartgold-soulsilver,pokeapi
133,eevee,이브이,1,tail-whip,꼬리흔들기,level-up,heartgold-soulsilver,pokeapi
133,eevee,이브이,8,sand-attack,,level-up,heartgold-soulsilver,pokeapi
133,eevee,이브이,15,growl,,level-up,heartgold-soulsilver,pokeapi
133,eevee,이브이,22,quick-attack,전광석화,level-up,heartgold-soulsilver,pokeapi
133,eevee,이브이,29,bite,물기,level-up,heartgold-soulsilver,pokeapi
133,eevee,이브이,36,baton-pass,,level-up,heartgold-soulsilver,pokeapi
133,eevee,이브이,43,take-down,,level-up,heartgold-soulsilver,pokeapi
133,eevee,이브이,50,last-resort,,level-up,heartgold-soulsilver,pokeapi
133,eevee,이브이,57,trump-card,,level-up,heartgold-soulsilver,pokeapi
134,vaporeon,샤미드,1,helping-hand,,level-up,heartgold-soulsilver,pokeapi
134,vaporeon,샤미드,1,tackle,,level-up,heartgold-soulsilver,pokeapi
134,vaporeon,샤미드,1,tail-whip,꼬리흔들기,level-up,heartgold-soulsilver,pokeapi
134,vaporeon,샤미드,8,sand-attack,,level-up,heartgold-soulsilver,pokeapi
134,vaporeon,샤미드,15,water-gun,,level-up,heartgold-soulsilver,pokeapi
134,vaporeon,샤미드,22,quick-attack,전광석화,level-up,heartgold-soulsilver,pokeapi
134,vaporeon,샤미드,29,bite,물기,level-up,heartgold-soulsilver,pokeapi
134,vaporeon,샤미드,36,aurora-beam,,level-up,heartgold-soulsilver,pokeapi
134,vaporeon,샤미드,43,aqua-ring,,level-up,heartgold-soulsilver,pokeapi
134,vaporeon,샤미드,50,last-resort,,level-up,heartgold-soulsilver,pokeapi
134,vaporeon,샤미드,57,haze,,level-up,heartgold-soulsilver,pokeapi
134,vaporeon,샤미드,64,acid-armor,,level-up,heartgold-soulsilver,pokeapi
134,vaporeon,샤미드,71,hydro-pump,하이드로펌프,level-up,heartgold-soulsilver,pokeapi
134,vaporeon,샤미드,78,muddy-water,,level-up,heartgold-soulsilver,pokeapi
135,jolteon,쥬피썬더,1,helping-hand,,level-up,heartgold-soulsilver,pokeapi
135,jolteon,쥬피썬더,1,tackle,,level-up,heartgold-soulsilver,pokeapi
135,jolteon,쥬피썬더,1,tail-whip,꼬리흔들기,level-up,heartgold-soulsilver,pokeapi
135,jolteon,쥬피썬더,8,sand-attack,,level-up,heartgold-soulsilver,pokeapi
135,jolteon,쥬피썬더,15,thunder-shock,,level-up,heartgold-soulsilver,pokeapi
135,jolteon,쥬피썬더,22,quick-attack,전광석화,level-up,heartgold-soulsilver,pokeapi
135,jolteon,쥬피썬더,29,double-kick,두번차기,level-up,heartgold-soulsilver,pokeapi
135,jolteon,쥬피썬더,36,pin-missile,바늘미사일,level-up,heartgold-soulsilver,pokeapi
135,jolteon,쥬피썬더,43,thunder-fang,,level-up,heartgold-soulsilver,pokeapi
135,jolteon,쥬피썬더,50,last-resort,,level-up,heartgold-soulsilver,pokeapi
135,jolteon,쥬피썬더,57,thunder-wave,전기자석파,level-up,heartgold-soulsilver,pokeapi
135,jolteon,쥬피썬더,64,agility,고속이동,level-up,heartgold-soulsilver,pokeapi
135,jolteon,쥬피썬더,71,thunder,번개,level-up,heartgold-soulsilver,pokeapi
135,jolteon,쥬피썬더,78,discharge,,level-up,heartgold-soulsilver,pokeapi
136,flareon,부스터,1,helping-hand,,level-up,heartgold-soulsilver,pokeapi
136,flareon,부스터,1,tackle,,level-up,heartgold-soulsilver,pokeapi
136,flareon,부스터,1,tail-whip,꼬리흔들기,level-up,heartgold-soulsilver,pokeapi
136,flareon,부스터,8,sand-attack,,level-up,heartgold-soulsilver,pokeapi
136,flareon,부스터,15,ember,작은불꽃,level-up,heartgold-soulsilver,pokeapi
136,flareon,부스터,22,quick-attack,전광석화,level-up,heartgold-soulsilver,pokeapi
136,flareon,부스터,29,bite,물기,level-up,heartgold-soulsilver,pokeapi
136,flareon,부스터,36,fire-spin,,level-up,heartgold-soulsilver,pokeapi
136,flareon,부스터,43,fire-fang,,level-up,heartgold-soulsilver,pokeapi
136,flareon,부스터,50,last-resort,,level-up,heartgold-soulsilver,pokeapi
136,flareon,부스터,57,smog,,level-up,heartgold-soulsilver,pokeapi
136,flareon,부스터,64,scary-face,겁나는얼굴,level-up,heartgold-soulsilver,pokeapi
136,flareon,부스터,71,fire-blast,불대문자,level-up,heartgold-soulsilver,pokeapi
136,flareon,부스터,78,lava-plume,,level-up,heartgold-soulsilver,pokeapi
137,porygon,폴리곤,1,conversion,,level-up,heartgold-soulsilver,pokeapi
137,porygon,폴리곤,1,conversion-2,,level-up,heartgold-soulsilver,pokeapi
137,porygon,폴리곤,1,sharpen,,level-up,heartgold-soulsilver,pokeapi
137,porygon,폴리곤,1,tackle,,level-up,heartgold-soulsilver,pokeapi
137,porygon,폴리곤,7,psybeam,,level-up,heartgold-soulsilver,pokeapi
137,porygon,폴리곤,12,agility,고속이동,level-up,heartgold-soulsilver,pokeapi
137,porygon,폴리곤,18,recover,HP회복,level-up,heartgold-soulsilver,pokeapi
137,porygon,폴리곤,23,magnet-rise,,level-up,heartgold-soulsilver,pokeapi
137,porygon,폴리곤,29,signal-beam,,level-up,heartgold-soulsilver,pokeapi
137,porygon,폴리곤,34,recycle,,level-up,heartgold-soulsilver,pokeapi
137,porygon,폴리곤,40,discharge,,level-up,heartgold-soulsilver,pokeapi
137,porygon,폴리곤,45,lock-on,,level-up,heartgold-soulsilver,pokeapi
137,porygon,폴리곤,51,tri-attack,,level-up,heartgold-soulsilver,pokeapi
137,porygon,폴리곤,56,magic-coat,,level-up,heartgold-soulsilver,pokeapi
137,porygon,폴리곤,62,zap-cannon,,level-up,heartgold-soulsilver,pokeapi
138,omanyte,암나이트,1,constrict,,level-up,heartgold-soulsilver,pokeapi
138,omanyte,암나이트,1,withdraw,,level-up,heartgold-soulsilver,pokeapi
138,omanyte,암나이트,7,bite,물기,level-up,heartgold-soulsilver,pokeapi
138,omanyte,암나이트,10,water-gun,,level-up,heartgold-soulsilver,pokeapi
138,omanyte,암나이트,16,rollout,,level-up,heartgold-soulsilver,pokeapi
138,omanyte,암나이트,19,leer,,level-up,heartgold-soulsilver,pokeapi
138,omanyte,암나이트,25,mud-shot,,level-up,heartgold-soulsilver,pokeapi
138,omanyte,암나이트,28,brine,,level-up,heartgold-soulsilver,pokeapi
138,omanyte,암나이트,34,protect,,level-up,heartgold-soulsilver,pokeapi
138,omanyte,암나이트,37,ancient-power,,level-up,heartgold-soulsilver,pokeapi
138,omanyte,암나이트,43,tickle,간지르기,level-up,heartgold-soulsilver,pokeapi
138,omanyte,암나이트,46,rock-blast,락블라스트,level-up,heartgold-soulsilver,pokeapi
138,omanyte,암나이트,52,hydro-pump,하이드로펌프,level-up,heartgold-soulsilver,pokeapi
139,omastar,암스타,1,bite,물기,level-up,heartgold-soulsilver,pokeapi
139,omastar,암스타,1,constrict,,level-up,heartgold-soulsilver,pokeapi
139,omastar,암스타,1,withdraw,,level-up,heartgold-soulsilver,pokeapi
139,omastar,암스타,7,bite,물기,level-up,heartgold-soulsilver,pokeapi
139,omastar,암스타,10,water-gun,,level-up,heartgold-soulsilver,pokeapi
139,omastar,암스타,16,rollout,,level-up,heartgold-soulsilver,pokeapi
139,omastar,암스타,19,leer,,level-up,heartgold-soulsilver,pokeapi
139,omastar,암스타,25,mud-shot,,level-up,heartgold-soulsilver,pokeapi
139,omastar,암스타,28,brine,,level-up,heartgold-soulsilver,pokeapi
139,omastar,암스타,34,protect,,level-up,heartgold-soulsilver,pokeapi
139,omastar,암스타,37,ancient-power,,level-up,heartgold-soulsilver,pokeapi
139,omastar,암스타,40,spike-cannon,,level-up,heartgold-soulsilver,pokeapi
139,omastar,암스타,48,tickle,간지르기,level-up,heartgold-soulsilver,pokeapi
139,omastar,암스타,56,rock-blast,락블라스트,level-up,heartgold-soulsilver,pokeapi
139,omastar,암스타,67,hydro-pump,하이드로펌프,level-up,heartgold-soulsilver,pokeapi
140,kabuto,투구,1,harden,방어태세,level-up,heartgold-soulsilver,pokeapi
140,kabuto,투구,1,scratch,,level-up,heartgold-soulsilver,pokeapi
140,kabuto,투구,6,absorb,흡수,level-up,heartgold-soulsilver,pokeapi
140,kabuto,투구,11,leer,,level-up,heartgold-soulsilver,pokeapi
140,kabuto,투구,16,mud-shot,,level-up,heartgold-soulsilver,pokeapi
140,kabuto,투구,21,sand-attack,,level-up,heartgold-soulsilver,pokeapi
140,kabuto,투구,26,endure,,level-up,heartgold-soulsilver,pokeapi
140,kabuto,투구,31,aqua-jet,아쿠아제트,level-up,heartgold-soulsilver,pokeapi
140,kabuto,투구,36,mega-drain,메가드레인,level-up,heartgold-soulsilver,pokeapi
140,kabuto,투구,41,metal-sound,금속음,level-up,heartgold-soulsilver,pokeapi
140,kabuto,투구,46,ancient-power,,level-up,heartgold-soulsilver,pokeapi
140,kabuto,투구,51,wring-out,,level-up,heartgold-soulsilver,pokeapi
141,kabutops,투구푸스,1,absorb,흡수,level-up,heartgold-soulsilver,pokeapi
141,kabutops,투구푸스,1,feint,,level-up,heartgold-soulsilver,pokeapi
141,kabutops,투구푸스,1,harden,방어태세,level-up,heartgold-soulsilver,pokeapi
141,kabutops,투구푸스,1,leer,,level-up,heartgold-soulsilver,pokeapi
141,kabutops,투구푸스,1,scratch,,level-up,heartgold-soulsilver,pokeapi
141,kabutops,투구푸스,6,absorb,흡수,level-up,heartgold-soulsilver,pokeapi
141,kabutops,투구푸스,11,leer,,level-up,heartgold-soulsilver,pokeapi
141,kabutops,투구푸스,16,mud-shot,,level-up,heartgold-soulsilver,pokeapi
141,kabutops,투구푸스,21,sand-attack,,level-up,heartgold-soulsilver,pokeapi
141,kabutops,투구푸스,26,endure,,level-up,heartgold-soulsilver,pokeapi
141,kabutops,투구푸스,31,aqua-jet,아쿠아제트,level-up,heartgold-soulsilver,pokeapi
141,kabutops,투구푸스,36,mega-drain,메가드레인,level-up,heartgold-soulsilver,pokeapi
141,kabutops,투구푸스,40,slash,베어가르기,level-up,heartgold-soulsilver,pokeapi
141,kabutops,투구푸스,45,metal-sound,금속음,level-up,heartgold-soulsilver,pokeapi
141,kabutops,투구푸스,54,ancient-power,,level-up,heartgold-soulsilver,pokeapi
141,kabutops,투구푸스,63,wring-out,,level-up,heartgold-soulsilver,pokeapi
141,kabutops,투구푸스,72,night-slash,깜짝베기,level-up,heartgold-soulsilver,pokeapi
142,aerodactyl,프테라,1,bite,물기,level-up,heartgold-soulsilver,pokeapi
142,aerodactyl,프테라,1,fire-fang,,level-up,heartgold-soulsilver,pokeapi
142,aerodactyl,프테라,1,ice-fang,,level-up,heartgold-soulsilver,pokeapi
142,aerodactyl,프테라,1,scary-face,겁나는얼굴,level-up,heartgold-soulsilver,pokeapi
142,aerodactyl,프테라,1,supersonic,,level-up,heartgold-soulsilver,pokeapi
142,aerodactyl,프테라,1,thunder-fang,,level-up,heartgold-soulsilver,pokeapi
142,aerodactyl,프테라,1,wing-attack,날개치기,level-up,heartgold-soulsilver,pokeapi
142,aerodactyl,프테라,9,roar,,level-up,heartgold-soulsilver,pokeapi
142,aerodactyl,프테라,17,agility,고속이동,level-up,heartgold-soulsilver,pokeapi
142,aerodactyl,프테라,25,ancient-power,,level-up,heartgold-soulsilver,pokeapi
142,aerodactyl,프테라,33,crunch,깨물어부수기,level-up,heartgold-soulsilver,pokeapi
142,aerodactyl,프테라,41,take-down,,level-up,heartgold-soulsilver,pokeapi
142,aerodactyl,프테라,49,iron-head,아이언헤드,level-up,heartgold-soulsilver,pokeapi
142,aerodactyl,프테라,57,hyper-beam,파괴광선,level-up,heartgold-soulsilver,pokeapi
142,aerodactyl,프테라,65,rock-slide,록슬라이드,level-up,heartgold-soulsilver,pokeapi
142,aerodactyl,프테라,73,giga-impact,,level-up,heartgold-soulsilver,pokeapi
143,snorlax,잠만보,1,tackle,,level-up,heartgold-soulsilver,pokeapi
143,snorlax,잠만보,4,defense-curl,,level-up,heartgold-soulsilver,pokeapi
143,snorlax,잠만보,9,amnesia,,level-up,heartgold-soulsilver,pokeapi
143,snorlax,잠만보,12,lick,핥기,level-up,heartgold-soulsilver,pokeapi
143,snorlax,잠만보,17,belly-drum,,level-up,heartgold-soulsilver,pokeapi
143,snorlax,잠만보,20,yawn,,level-up,heartgold-soulsilver,pokeapi
143,snorlax,잠만보,25,rest,잠자기,level-up,heartgold-soulsilver,pokeapi
143,snorlax,잠만보,28,sleep-talk,,level-up,heartgold-soulsilver,pokeapi
143,snorlax,잠만보,28,snore,,level-up,heartgold-soulsilver,pokeapi
143,snorlax,잠만보,33,body-slam,누르기,level-up,heartgold-soulsilver,pokeapi
143,snorlax,잠만보,36,block,,level-up,heartgold-soulsilver,pokeapi
143,snorlax,잠만보,41,rollout,,level-up,heartgold-soulsilver,pokeapi
143,snorlax,잠만보,44,crunch,깨물어부수기,level-up,heartgold-soulsilver,pokeapi
143,snorlax,잠만보,49,giga-impact,,level-up,heartgold-soulsilver,pokeapi
144,articuno,프리져,1,gust,바람일으키기,level-up,heartgold-soulsilver,pokeapi
144,articuno,프리져,1,powder-snow,눈싸라기,level-up,heartgold-soulsilver,pokeapi
144,articuno,프리져,8,mist,,level-up,heartgold-soulsilver,pokeapi
144,articuno,프리져,15,ice-shard,얼음뭉치,level-up,heartgold-soulsilver,pokeapi
144,articuno,프리져,22,mind-reader,,level-up,heartgold-soulsilver,pokeapi
144,articuno,프리져,29,ancient-power,,level-up,heartgold-soulsilver,pokeapi
144,articuno,프리져,36,agility,고속이동,level-up,heartgold-soulsilver,pokeapi
144,articuno,프리져,43,ice-beam,냉동빔,level-up,heartgold-soulsilver,pokeapi
144,articuno,프리져,50,reflect,,level-up,heartgold-soulsilver,pokeapi
144,articuno,프리져,57,roost,,level-up,heartgold-soulsilver,pokeapi
144,articuno,프리져,64,tailwind,,level-up,heartgold-soulsilver,pokeapi
144,articuno,프리져,71,blizzard,,level-up,heartgold-soulsilver,pokeapi
144,articuno,프리져,78,sheer-cold,,level-up,heartgold-soulsilver,pokeapi
144,articuno,프리져,85,hail,,level-up,heartgold-soulsilver,pokeapi
145,zapdos,썬더,1,peck,쪼기,level-up,heartgold-soulsilver,pokeapi
145,zapdos,썬더,1,thunder-shock,,level-up,heartgold-soulsilver,pokeapi
145,zapdos,썬더,8,thunder-wave,전기자석파,level-up,heartgold-soulsilver,pokeapi
145,zapdos,썬더,15,detect,,level-up,heartgold-soulsilver,pokeapi
145,zapdos,썬더,22,pluck,,level-up,heartgold-soulsilver,pokeapi
145,zapdos,썬더,29,ancient-power,,level-up,heartgold-soulsilver,pokeapi
145,zapdos,썬더,36,charge,,level-up,heartgold-soulsilver,pokeapi
145,zapdos,썬더,43,agility,고속이동,level-up,heartgold-soulsilver,pokeapi
145,zapdos,썬더,50,discharge,,level-up,heartgold-soulsilver,pokeapi
145,zapdos,썬더,57,roost,,level-up,heartgold-soulsilver,pokeapi
145,zapdos,썬더,64,light-screen,,level-up,heartgold-soulsilver,pokeapi
145,zapdos,썬더,71,drill-peck,,level-up,heartgold-soulsilver,pokeapi
145,zapdos,썬더,78,thunder,번개,level-up,heartgold-soulsilver,pokeapi
145,zapdos,썬더,85,rain-dance,,level-up,heartgold-soulsilver,pokeapi
146,moltres,파이어,1,ember,작은불꽃,level-up,heartgold-soulsilver,pokeapi
146,moltres,파이어,1,wing-attack,날개치기,level-up,heartgold-soulsilver,pokeapi
146,moltres,파이어,8,fire-spin,,level-up,heartgold-soulsilver,pokeapi
146,moltres,파이어,15,agility,고속이동,level-up,heartgold-soulsilver,pokeapi
146,moltres,파이어,22,endure,,level-up,heartgold-soulsilver,pokeapi
146,moltres,파이어,29,ancient-power,,level-up,heartgold-soulsilver,pokeapi
146,moltres,파이어,36,flamethrower,화염방사,level-up,heartgold-soulsilver,pokeapi
146,moltres,파이어,43,safeguard,,level-up,heartgold-soulsilver,pokeapi
146,moltres,파이어,50,air-slash,에어슬래시,level-up,heartgold-soulsilver,pokeapi
146,moltres,파이어,57,roost,,level-up,heartgold-soulsilver,pokeapi
146,moltres,파이어,64,heat-wave,,level-up,heartgold-soulsilver,pokeapi
146,moltres,파이어,71,solar-beam,,level-up,heartgold-soulsilver,pokeapi
146,moltres,파이어,78,sky-attack,,level-up,heartgold-soulsilver,pokeapi
146,moltres,파이어,85,sunny-day,,level-up,heartgold-soulsilver,pokeapi
147,dratini,미뇽,1,leer,,level-up,heartgold-soulsilver,pokeapi
147,dratini,미뇽,1,wrap,,level-up,heartgold-soulsilver,pokeapi
147,dratini,미뇽,5,thunder-wave,전기자석파,level-up,heartgold-soulsilver,pokeapi
147,dratini,미뇽,11,twister,회오리,level-up,heartgold-soulsilver,pokeapi
147,dratini,미뇽,15,dragon-rage,,level-up,heartgold-soulsilver,pokeapi
147,dratini,미뇽,21,slam,,level-up,heartgold-soulsilver,pokeapi
147,dratini,미뇽,25,agility,고속이동,level-up,heartgold-soulsilver,pokeapi
147,dratini,미뇽,31,aqua-tail,아쿠아테일,level-up,heartgold-soulsilver,pokeapi
147,dratini,미뇽,35,dragon-rush,,level-up,heartgold-soulsilver,pokeapi
147,dratini,미뇽,41,safeguard,,level-up,heartgold-soulsilver,pokeapi
147,dratini,미뇽,45,dragon-dance,용의춤,level-up,heartgold-soulsilver,pokeapi
147,dratini,미뇽,51,outrage,역린,level-up,heartgold-soulsilver,pokeapi
147,dratini,미뇽,55,hyper-beam,파괴광선,level-up,heartgold-soulsilver,pokeapi
148,dragonair,신뇽,1,leer,,level-up,heartgold-soulsilver,pokeapi
148,dragonair,신뇽,1,thunder-wave,전기자석파,level-up,heartgold-soulsilver,pokeapi
148,dragonair,신뇽,1,twister,회오리,level-up,heartgold-soulsilver,pokeapi
148,dragonair,신뇽,1,wrap,,level-up,heartgold-soulsilver,pokeapi
148,dragonair,신뇽,5,thunder-wave,전기자석파,level-up,heartgold-soulsilver,pokeapi
148,dragonair,신뇽,11,twister,회오리,level-up,heartgold-soulsilver,pokeapi
148,dragonair,신뇽,15,dragon-rage,,level-up,heartgold-soulsilver,pokeapi
148,dragonair,신뇽,21,slam,,level-up,heartgold-soulsilver,pokeapi
148,dragonair,신뇽,25,agility,고속이동,level-up,heartgold-soulsilver,pokeapi
148,dragonair,신뇽,33,aqua-tail,아쿠아테일,level-up,heartgold-soulsilver,pokeapi
148,dragonair,신뇽,39,dragon-rush,,level-up,heartgold-soulsilver,pokeapi
148,dragonair,신뇽,47,safeguard,,level-up,heartgold-soulsilver,pokeapi
148,dragonair,신뇽,53,dragon-dance,용의춤,level-up,heartgold-soulsilver,pokeapi
148,dragonair,신뇽,61,outrage,역린,level-up,heartgold-soulsilver,pokeapi
148,dragonair,신뇽,67,hyper-beam,파괴광선,level-up,heartgold-soulsilver,pokeapi
149,dragonite,망나뇽,1,fire-punch,,level-up,heartgold-soulsilver,pokeapi
149,dragonite,망나뇽,1,leer,,level-up,heartgold-soulsilver,pokeapi
149,dragonite,망나뇽,1,roost,,level-up,heartgold-soulsilver,pokeapi
149,dragonite,망나뇽,1,thunder-punch,,level-up,heartgold-soulsilver,pokeapi
149,dragonite,망나뇽,1,thunder-wave,전기자석파,level-up,heartgold-soulsilver,pokeapi
149,dragonite,망나뇽,1,twister,회오리,level-up,heartgold-soulsilver,pokeapi
149,dragonite,망나뇽,1,wrap,,level-up,heartgold-soulsilver,pokeapi
149,dragonite,망나뇽,5,thunder-wave,전기자석파,level-up,heartgold-soulsilver,pokeapi
149,dragonite,망나뇽,11,twister,회오리,level-up,heartgold-soulsilver,pokeapi
149,dragonite,망나뇽,15,dragon-rage,,level-up,heartgold-soulsilver,pokeapi
149,dragonite,망나뇽,21,slam,,level-up,heartgold-soulsilver,pokeapi
149,dragonite,망나뇽,25,agility,고속이동,level-up,heartgold-soulsilver,pokeapi
149,dragonite,망나뇽,33,aqua-tail,아쿠아테일,level-up,heartgold-soulsilver,pokeapi
149,dragonite,망나뇽,39,dragon-rush,,level-up,heartgold-soulsilver,pokeapi
149,dragonite,망나뇽,47,safeguard,,level-up,heartgold-soulsilver,pokeapi
149,dragonite,망나뇽,53,dragon-dance,용의춤,level-up,heartgold-soulsilver,pokeapi
149,dragonite,망나뇽,55,wing-attack,날개치기,level-up,heartgold-soulsilver,pokeapi
149,dragonite,망나뇽,64,outrage,역린,level-up,heartgold-soulsilver,pokeapi
149,dragonite,망나뇽,73,hyper-beam,파괴광선,level-up,heartgold-soulsilver,pokeapi
150,mewtwo,뮤츠,1,confusion,염동력,level-up,heartgold-soulsilver,pokeapi
150,mewtwo,뮤츠,1,disable,,level-up,heartgold-soulsilver,pokeapi
150,mewtwo,뮤츠,8,barrier,,level-up,heartgold-soulsilver,pokeapi
150,mewtwo,뮤츠,15,swift,스피드스타,level-up,heartgold-soulsilver,pokeapi
150,mewtwo,뮤츠,22,future-sight,,level-up,heartgold-soulsilver,pokeapi
150,mewtwo,뮤츠,29,psych-up,,level-up,heartgold-soulsilver,pokeapi
150,mewtwo,뮤츠,36,miracle-eye,,level-up,heartgold-soulsilver,pokeapi
150,mewtwo,뮤츠,43,mist,,level-up,heartgold-soulsilver,pokeapi
150,mewtwo,뮤츠,50,psycho-cut,,level-up,heartgold-soulsilver,pokeapi
150,mewtwo,뮤츠,57,amnesia,,level-up,heartgold-soulsilver,pokeapi
150,mewtwo,뮤츠,64,guard-swap,,level-up,heartgold-soulsilver,pokeapi
150,mewtwo,뮤츠,64,power-swap,,level-up,heartgold-soulsilver,pokeapi
150,mewtwo,뮤츠,71,psychic,사이코키네시스,level-up,heartgold-soulsilver,pokeapi
150,mewtwo,뮤츠,79,me-first,,level-up,heartgold-soulsilver,pokeapi
150,mewtwo,뮤츠,86,recover,HP회복,level-up,heartgold-soulsilver,pokeapi
150,mewtwo,뮤츠,93,safeguard,,level-up,heartgold-soulsilver,pokeapi
150,mewtwo,뮤츠,100,aura-sphere,,level-up,heartgold-soulsilver,pokeapi
151,mew,뮤,1,pound,,level-up,heartgold-soulsilver,pokeapi
151,mew,뮤,1,transform,,level-up,heartgold-soulsilver,pokeapi
151,mew,뮤,10,mega-punch,,level-up,heartgold-soulsilver,pokeapi
151,mew,뮤,20,metronome,,level-up,heartgold-soulsilver,pokeapi
151,mew,뮤,30,psychic,사이코키네시스,level-up,heartgold-soulsilver,pokeapi
151,mew,뮤,40,barrier,,level-up,heartgold-soulsilver,pokeapi
151,mew,뮤,50,ancient-power,,level-up,heartgold-soulsilver,pokeapi
151,mew,뮤,60,amnesia,,level-up,heartgold-soulsilver,pokeapi
151,mew,뮤,70,me-first,,level-up,heartgold-soulsilver,pokeapi
151,mew,뮤,80,baton-pass,,level-up,heartgold-soulsilver,pokeapi
151,mew,뮤,90,nasty-plot,나쁜음모,level-up,heartgold-soulsilver,pokeapi
151,mew,뮤,100,aura-sphere,,level-up,heartgold-soulsilver,pokeapi
152,chikorita,치코리타,1,growl,,level-up,heartgold-soulsilver,pokeapi
152,chikorita,치코리타,1,tackle,,level-up,heartgold-soulsilver,pokeapi
152,chikorita,치코리타,6,razor-leaf,잎날가르기,level-up,heartgold-soulsilver,pokeapi
152,chikorita,치코리타,9,poison-powder,독가루,level-up,heartgold-soulsilver,pokeapi
152,chikorita,치코리타,12,synthesis,광합성,level-up,heartgold-soulsilver,pokeapi
152,chikorita,치코리타,17,reflect,,level-up,heartgold-soulsilver,pokeapi
152,chikorita,치코리타,20,magical-leaf,,level-up,heartgold-soulsilver,pokeapi
152,chikorita,치코리타,23,natural-gift,,level-up,heartgold-soulsilver,pokeapi
152,chikorita,치코리타,28,sweet-scent,,level-up,heartgold-soulsilver,pokeapi
152,chikorita,치코리타,31,light-screen,,level-up,heartgold-soulsilver,pokeapi
152,chikorita,치코리타,34,body-slam,누르기,level-up,heartgold-soulsilver,pokeapi
152,chikorita,치코리타,39,safeguard,,level-up,heartgold-soulsilver,pokeapi
152,chikorita,치코리타,42,aromatherapy,,level-up,heartgold-soulsilver,pokeapi
152,chikorita,치코리타,45,solar-beam,,level-up,heartgold-soulsilver,pokeapi
153,bayleef,베이리프,1,growl,,level-up,heartgold-soulsilver,pokeapi
153,bayleef,베이리프,1,poison-powder,독가루,level-up,heartgold-soulsilver,pokeapi
153,bayleef,베이리프,1,razor-leaf,잎날가르기,level-up,heartgold-soulsilver,pokeapi
153,bayleef,베이리프,1,tackle,,level-up,heartgold-soulsilver,pokeapi
153,bayleef,베이리프,6,razor-leaf,잎날가르기,level-up,heartgold-soulsilver,pokeapi
153,bayleef,베이리프,9,poison-powder,독가루,level-up,heartgold-soulsilver,pokeapi
153,bayleef,베이리프,12,synthesis,광합성,level-up,heartgold-soulsilver,pokeapi
153,bayleef,베이리프,18,reflect,,level-up,heartgold-soulsilver,pokeapi
153,bayleef,베이리프,22,magical-leaf,,level-up,heartgold-soulsilver,pokeapi
153,bayleef,베이리프,26,natural-gift,,level-up,heartgold-soulsilver,pokeapi
153,bayleef,베이리프,32,sweet-scent,,level-up,heartgold-soulsilver,pokeapi
153,bayleef,베이리프,36,light-screen,,level-up,heartgold-soulsilver,pokeapi
153,bayleef,베이리프,40,body-slam,누르기,level-up,heartgold-soulsilver,pokeapi
153,bayleef,베이리프,46,safeguard,,level-up,heartgold-soulsilver,pokeapi
153,bayleef,베이리프,50,aromatherapy,,level-up,heartgold-soulsilver,pokeapi
153,bayleef,베이리프,54,solar-beam,,level-up,heartgold-soulsilver,pokeapi
154,meganium,메가니움,1,growl,,level-up,heartgold-soulsilver,pokeapi
154,meganium,메가니움,1,poison-powder,독가루,level-up,heartgold-soulsilver,pokeapi
154,meganium,메가니움,1,razor-leaf,잎날가르기,level-up,heartgold-soulsilver,pokeapi
154,meganium,메가니움,1,tackle,,level-up,heartgold-soulsilver,pokeapi
154,meganium,메가니움,6,razor-leaf,잎날가르기,level-up,heartgold-soulsilver,pokeapi
154,meganium,메가니움,9,poison-powder,독가루,level-up,heartgold-soulsilver,pokeapi
154,meganium,메가니움,12,synthesis,광합성,level-up,heartgold-soulsilver,pokeapi
154,meganium,메가니움,18,reflect,,level-up,heartgold-soulsilver,pokeapi
154,meganium,메가니움,22,magical-leaf,,level-up,heartgold-soulsilver,pokeapi
154,meganium,메가니움,26,natural-gift,,level-up,heartgold-soulsilver,pokeapi
154,meganium,메가니움,32,petal-dance,,level-up,heartgold-soulsilver,pokeapi
154,meganium,메가니움,34,sweet-scent,,level-up,heartgold-soulsilver,pokeapi
154,meganium,메가니움,40,light-screen,,level-up,heartgold-soulsilver,pokeapi
154,meganium,메가니움,46,body-slam,누르기,level-up,heartgold-soulsilver,pokeapi
154,meganium,메가니움,54,safeguard,,level-up,heartgold-soulsilver,pokeapi
154,meganium,메가니움,60,aromatherapy,,level-up,heartgold-soulsilver,pokeapi
154,meganium,메가니움,66,solar-beam,,level-up,heartgold-soulsilver,pokeapi
155,cyndaquil,브케인,1,leer,,level-up,heartgold-soulsilver,pokeapi
155,cyndaquil,브케인,1,tackle,,level-up,heartgold-soulsilver,pokeapi
155,cyndaquil,브케인,6,smokescreen,연막,level-up,heartgold-soulsilver,pokeapi
155,cyndaquil,브케인,10,ember,작은불꽃,level-up,heartgold-soulsilver,pokeapi
155,cyndaquil,브케인,13,quick-attack,전광석화,level-up,heartgold-soulsilver,pokeapi
155,cyndaquil,브케인,19,flame-wheel,화염자동차,level-up,heartgold-soulsilver,pokeapi
155,cyndaquil,브케인,22,defense-curl,,level-up,heartgold-soulsilver,pokeapi
155,cyndaquil,브케인,28,swift,스피드스타,level-up,heartgold-soulsilver,pokeapi
155,cyndaquil,브케인,31,lava-plume,,level-up,heartgold-soulsilver,pokeapi
155,cyndaquil,브케인,37,flamethrower,화염방사,level-up,heartgold-soulsilver,pokeapi
155,cyndaquil,브케인,40,rollout,,level-up,heartgold-soulsilver,pokeapi
155,cyndaquil,브케인,46,double-edge,이판사판태클,level-up,heartgold-soulsilver,pokeapi
155,cyndaquil,브케인,49,eruption,,level-up,heartgold-soulsilver,pokeapi
156,quilava,마그케인,1,leer,,level-up,heartgold-soulsilver,pokeapi
156,quilava,마그케인,1,smokescreen,연막,level-up,heartgold-soulsilver,pokeapi
156,quilava,마그케인,1,tackle,,level-up,heartgold-soulsilver,pokeapi
156,quilava,마그케인,6,smokescreen,연막,level-up,heartgold-soulsilver,pokeapi
156,quilava,마그케인,10,ember,작은불꽃,level-up,heartgold-soulsilver,pokeapi
156,quilava,마그케인,13,quick-attack,전광석화,level-up,heartgold-soulsilver,pokeapi
156,quilava,마그케인,20,flame-wheel,화염자동차,level-up,heartgold-soulsilver,pokeapi
156,quilava,마그케인,24,defense-curl,,level-up,heartgold-soulsilver,pokeapi
156,quilava,마그케인,31,swift,스피드스타,level-up,heartgold-soulsilver,pokeapi
156,quilava,마그케인,35,lava-plume,,level-up,heartgold-soulsilver,pokeapi
156,quilava,마그케인,42,flamethrower,화염방사,level-up,heartgold-soulsilver,pokeapi
156,quilava,마그케인,46,rollout,,level-up,heartgold-soulsilver,pokeapi
156,quilava,마그케인,53,double-edge,이판사판태클,level-up,heartgold-soulsilver,pokeapi
156,quilava,마그케인,57,eruption,,level-up,heartgold-soulsilver,pokeapi
157,typhlosion,블레이범,1,ember,작은불꽃,level-up,heartgold-soulsilver,pokeapi
157,typhlosion,블레이범,1,gyro-ball,,level-up,heartgold-soulsilver,pokeapi
157,typhlosion,블레이범,1,leer,,level-up,heartgold-soulsilver,pokeapi
157,typhlosion,블레이범,1,smokescreen,연막,level-up,heartgold-soulsilver,pokeapi
157,typhlosion,블레이범,1,tackle,,level-up,heartgold-soulsilver,pokeapi
157,typhlosion,블레이범,6,smokescreen,연막,level-up,heartgold-soulsilver,pokeapi
157,typhlosion,블레이범,10,ember,작은불꽃,level-up,heartgold-soulsilver,pokeapi
157,typhlosion,블레이범,13,quick-attack,전광석화,level-up,heartgold-soulsilver,pokeapi
157,typhlosion,블레이범,20,flame-wheel,화염자동차,level-up,heartgold-soulsilver,pokeapi
157,typhlosion,블레이범,24,defense-curl,,level-up,heartgold-soulsilver,pokeapi
157,typhlosion,블레이범,31,swift,스피드스타,level-up,heartgold-soulsilver,pokeapi
157,typhlosion,블레이범,35,lava-plume,,level-up,heartgold-soulsilver,pokeapi
157,typhlosion,블레이범,42,flamethrower,화염방사,level-up,heartgold-soulsilver,pokeapi
157,typhlosion,블레이범,46,rollout,,level-up,heartgold-soulsilver,pokeapi
157,typhlosion,블레이범,53,double-edge,이판사판태클,level-up,heartgold-soulsilver,pokeapi
157,typhlosion,블레이범,57,eruption,,level-up,heartgold-soulsilver,pokeapi
158,totodile,리아코,1,leer,,level-up,heartgold-soulsilver,pokeapi
158,totodile,리아코,1,scratch,,level-up,heartgold-soulsilver,pokeapi
158,totodile,리아코,6,water-gun,,level-up,heartgold-soulsilver,pokeapi
158,totodile,리아코,8,rage,,level-up,heartgold-soulsilver,pokeapi
158,totodile,리아코,13,bite,물기,level-up,heartgold-soulsilver,pokeapi
158,totodile,리아코,15,scary-face,겁나는얼굴,level-up,heartgold-soulsilver,pokeapi
158,totodile,리아코,20,ice-fang,,level-up,heartgold-soulsilver,pokeapi
158,totodile,리아코,22,flail,,level-up,heartgold-soulsilver,pokeapi
158,totodile,리아코,27,crunch,깨물어부수기,level-up,heartgold-soulsilver,pokeapi
158,totodile,리아코,29,slash,베어가르기,level-up,heartgold-soulsilver,pokeapi
158,totodile,리아코,34,screech,싫은소리,level-up,heartgold-soulsilver,pokeapi
158,totodile,리아코,36,thrash,,level-up,heartgold-soulsilver,pokeapi
158,totodile,리아코,41,aqua-tail,아쿠아테일,level-up,heartgold-soulsilver,pokeapi
158,totodile,리아코,43,superpower,,level-up,heartgold-soulsilver,pokeapi
158,totodile,리아코,48,hydro-pump,하이드로펌프,level-up,heartgold-soulsilver,pokeapi
159,croconaw,엘리게이,1,leer,,level-up,heartgold-soulsilver,pokeapi
159,croconaw,엘리게이,1,scratch,,level-up,heartgold-soulsilver,pokeapi
159,croconaw,엘리게이,1,water-gun,,level-up,heartgold-soulsilver,pokeapi
159,croconaw,엘리게이,6,water-gun,,level-up,heartgold-soulsilver,pokeapi
159,croconaw,엘리게이,8,rage,,level-up,heartgold-soulsilver,pokeapi
159,croconaw,엘리게이,13,bite,물기,level-up,heartgold-soulsilver,pokeapi
159,croconaw,엘리게이,15,scary-face,겁나는얼굴,level-up,heartgold-soulsilver,pokeapi
159,croconaw,엘리게이,21,ice-fang,,level-up,heartgold-soulsilver,pokeapi
159,croconaw,엘리게이,24,flail,,level-up,heartgold-soulsilver,pokeapi
159,croconaw,엘리게이,30,crunch,깨물어부수기,level-up,heartgold-soulsilver,pokeapi
159,croconaw,엘리게이,33,slash,베어가르기,level-up,heartgold-soulsilver,pokeapi
159,croconaw,엘리게이,39,screech,싫은소리,level-up,heartgold-soulsilver,pokeapi
159,croconaw,엘리게이,42,thrash,,level-up,heartgold-soulsilver,pokeapi
159,croconaw,엘리게이,48,aqua-tail,아쿠아테일,level-up,heartgold-soulsilver,pokeapi
159,croconaw,엘리게이,51,superpower,,level-up,heartgold-soulsilver,pokeapi
159,croconaw,엘리게이,57,hydro-pump,하이드로펌프,level-up,heartgold-soulsilver,pokeapi
160,feraligatr,장크로다일,1,leer,,level-up,heartgold-soulsilver,pokeapi
160,feraligatr,장크로다일,1,rage,,level-up,heartgold-soulsilver,pokeapi
160,feraligatr,장크로다일,1,scratch,,level-up,heartgold-soulsilver,pokeapi
160,feraligatr,장크로다일,1,water-gun,,level-up,heartgold-soulsilver,pokeapi
160,feraligatr,장크로다일,6,water-gun,,level-up,heartgold-soulsilver,pokeapi
160,feraligatr,장크로다일,8,rage,,level-up,heartgold-soulsilver,pokeapi
160,feraligatr,장크로다일,13,bite,물기,level-up,heartgold-soulsilver,pokeapi
160,feraligatr,장크로다일,15,scary-face,겁나는얼굴,level-up,heartgold-soulsilver,pokeapi
160,feraligatr,장크로다일,21,ice-fang,,level-up,heartgold-soulsilver,pokeapi
160,feraligatr,장크로다일,24,flail,,level-up,heartgold-soulsilver,pokeapi
160,feraligatr,장크로다일,30,agility,고속이동,level-up,heartgold-soulsilver,pokeapi
160,feraligatr,장크로다일,32,crunch,깨물어부수기,level-up,heartgold-soulsilver,pokeapi
160,feraligatr,장크로다일,37,slash,베어가르기,level-up,heartgold-soulsilver,pokeapi
160,feraligatr,장크로다일,45,screech,싫은소리,level-up,heartgold-soulsilver,pokeapi
160,feraligatr,장크로다일,50,thrash,,level-up,heartgold-soulsilver,pokeapi
160,feraligatr,장크로다일,58,aqua-tail,아쿠아테일,level-up,heartgold-soulsilver,pokeapi
160,feraligatr,장크로다일,63,superpower,,level-up,heartgold-soulsilver,pokeapi
160,feraligatr,장크로다일,71,hydro-pump,하이드로펌프,level-up,heartgold-soulsilver,pokeapi
161,sentret,꼬리선,1,foresight,,level-up,heartgold-soulsilver,pokeapi
161,sentret,꼬리선,1,scratch,,level-up,heartgold-soulsilver,pokeapi
161,sentret,꼬리선,4,defense-curl,,level-up,heartgold-soulsilver,pokeapi
161,sentret,꼬리선,7,quick-attack,전광석화,level-up,heartgold-soulsilver,pokeapi
161,sentret,꼬리선,13,fury-swipes,,level-up,heartgold-soulsilver,pokeapi
161,sentret,꼬리선,16,helping-hand,,level-up,heartgold-soulsilver,pokeapi
161,sentret,꼬리선,19,follow-me,,level-up,heartgold-soulsilver,pokeapi
161,sentret,꼬리선,25,slam,,level-up,heartgold-soulsilver,pokeapi
161,sentret,꼬리선,28,rest,잠자기,level-up,heartgold-soulsilver,pokeapi
161,sentret,꼬리선,31,sucker-punch,기습,level-up,heartgold-soulsilver,pokeapi
161,sentret,꼬리선,36,amnesia,,level-up,heartgold-soulsilver,pokeapi
161,sentret,꼬리선,39,baton-pass,,level-up,heartgold-soulsilver,pokeapi
161,sentret,꼬리선,42,me-first,,level-up,heartgold-soulsilver,pokeapi
161,sentret,꼬리선,47,hyper-voice,,level-up,heartgold-soulsilver,pokeapi
162,furret,다꼬리,1,defense-curl,,level-up,heartgold-soulsilver,pokeapi
162,furret,다꼬리,1,foresight,,level-up,heartgold-soulsilver,pokeapi
162,furret,다꼬리,1,quick-attack,전광석화,level-up,heartgold-soulsilver,pokeapi
162,furret,다꼬리,1,scratch,,level-up,heartgold-soulsilver,pokeapi
162,furret,다꼬리,4,defense-curl,,level-up,heartgold-soulsilver,pokeapi
162,furret,다꼬리,7,quick-attack,전광석화,level-up,heartgold-soulsilver,pokeapi
162,furret,다꼬리,13,fury-swipes,,level-up,heartgold-soulsilver,pokeapi
162,furret,다꼬리,17,helping-hand,,level-up,heartgold-soulsilver,pokeapi
162,furret,다꼬리,21,follow-me,,level-up,heartgold-soulsilver,pokeapi
162,furret,다꼬리,28,slam,,level-up,heartgold-soulsilver,pokeapi
162,furret,다꼬리,32,rest,잠자기,level-up,heartgold-soulsilver,pokeapi
162,furret,다꼬리,36,sucker-punch,기습,level-up,heartgold-soulsilver,pokeapi
162,furret,다꼬리,42,amnesia,,level-up,heartgold-soulsilver,pokeapi
162,furret,다꼬리,46,baton-pass,,level-up,heartgold-soulsilver,pokeapi
162,furret,다꼬리,50,me-first,,level-up,heartgold-soulsilver,pokeapi
162,furret,다꼬리,56,hyper-voice,,level-up,heartgold-soulsilver,pokeapi
163,hoothoot,부우부,1,foresight,,level-up,heartgold-soulsilver,pokeapi
163,hoothoot,부우부,1,growl,,level-up,heartgold-soulsilver,pokeapi
163,hoothoot,부우부,1,tackle,,level-up,heartgold-soulsilver,pokeapi
163,hoothoot,부우부,5,hypnosis,최면술,level-up,heartgold-soulsilver,pokeapi
163,hoothoot,부우부,9,peck,쪼기,level-up,heartgold-soulsilver,pokeapi
163,hoothoot,부우부,13,uproar,,level-up,heartgold-soulsilver,pokeapi
163,hoothoot,부우부,17,reflect,,level-up,heartgold-soulsilver,pokeapi
163,hoothoot,부우부,21,confusion,염동력,level-up,heartgold-soulsilver,pokeapi
163,hoothoot,부우부,25,take-down,,level-up,heartgold-soulsilver,pokeapi
163,hoothoot,부우부,29,air-slash,에어슬래시,level-up,heartgold-soulsilver,pokeapi
163,hoothoot,부우부,33,zen-headbutt,,level-up,heartgold-soulsilver,pokeapi
163,hoothoot,부우부,37,extrasensory,,level-up,heartgold-soulsilver,pokeapi
163,hoothoot,부우부,41,psycho-shift,,level-up,heartgold-soulsilver,pokeapi
163,hoothoot,부우부,45,roost,,level-up,heartgold-soulsilver,pokeapi
163,hoothoot,부우부,49,dream-eater,,level-up,heartgold-soulsilver,pokeapi
164,noctowl,야부엉,1,foresight,,level-up,heartgold-soulsilver,pokeapi
164,noctowl,야부엉,1,growl,,level-up,heartgold-soulsilver,pokeapi
164,noctowl,야부엉,1,hypnosis,최면술,level-up,heartgold-soulsilver,pokeapi
164,noctowl,야부엉,1,sky-attack,,level-up,heartgold-soulsilver,pokeapi
164,noctowl,야부엉,1,tackle,,level-up,heartgold-soulsilver,pokeapi
164,noctowl,야부엉,5,hypnosis,최면술,level-up,heartgold-soulsilver,pokeapi
164,noctowl,야부엉,9,peck,쪼기,level-up,heartgold-soulsilver,pokeapi
164,noctowl,야부엉,13,uproar,,level-up,heartgold-soulsilver,pokeapi
164,noctowl,야부엉,17,reflect,,level-up,heartgold-soulsilver,pokeapi
164,noctowl,야부엉,22,confusion,염동력,level-up,heartgold-soulsilver,pokeapi
164,noctowl,야부엉,27,take-down,,level-up,heartgold-soulsilver,pokeapi
164,noctowl,야부엉,32,air-slash,에어슬래시,level-up,heartgold-soulsilver,pokeapi
164,noctowl,야부엉,37,zen-headbutt,,level-up,heartgold-soulsilver,pokeapi
164,noctowl,야부엉,42,extrasensory,,level-up,heartgold-soulsilver,pokeapi
164,noctowl,야부엉,47,psycho-shift,,level-up,heartgold-soulsilver,pokeapi
164,noctowl,야부엉,52,roost,,level-up,heartgold-soulsilver,pokeapi
164,noctowl,야부엉,57,dream-eater,,level-up,heartgold-soulsilver,pokeapi
165,ledyba,레디바,1,tackle,,level-up,heartgold-soulsilver,pokeapi
165,ledyba,레디바,6,supersonic,,level-up,heartgold-soulsilver,pokeapi
165,ledyba,레디바,9,comet-punch,,level-up,heartgold-soulsilver,pokeapi
165,ledyba,레디바,14,light-screen,,level-up,heartgold-soulsilver,pokeapi
165,ledyba,레디바,14,reflect,,level-up,heartgold-soulsilver,pokeapi
165,ledyba,레디바,14,safeguard,,level-up,heartgold-soulsilver,pokeapi
165,ledyba,레디바,17,mach-punch,마하펀치,level-up,heartgold-soulsilver,pokeapi
165,ledyba,레디바,22,baton-pass,,level-up,heartgold-soulsilver,pokeapi
165,ledyba,레디바,25,silver-wind,,level-up,heartgold-soulsilver,pokeapi
165,ledyba,레디바,30,agility,고속이동,level-up,heartgold-soulsilver,pokeapi
165,ledyba,레디바,33,swift,스피드스타,level-up,heartgold-soulsilver,pokeapi
165,ledyba,레디바,38,double-edge,이판사판태클,level-up,heartgold-soulsilver,pokeapi
165,ledyba,레디바,41,bug-buzz,,level-up,heartgold-soulsilver,pokeapi
166,ledian,레디안,1,comet-punch,,level-up,heartgold-soulsilver,pokeapi
166,ledian,레디안,1,supersonic,,level-up,heartgold-soulsilver,pokeapi
166,ledian,레디안,1,tackle,,level-up,heartgold-soulsilver,pokeapi
166,ledian,레디안,6,supersonic,,level-up,heartgold-soulsilver,pokeapi
166,ledian,레디안,9,comet-punch,,level-up,heartgold-soulsilver,pokeapi
166,ledian,레디안,14,light-screen,,level-up,heartgold-soulsilver,pokeapi
166,ledian,레디안,14,reflect,,level-up,heartgold-soulsilver,pokeapi
166,ledian,레디안,14,safeguard,,level-up,heartgold-soulsilver,pokeapi
166,ledian,레디안,17,mach-punch,마하펀치,level-up,heartgold-soulsilver,pokeapi
166,ledian,레디안,24,baton-pass,,level-up,heartgold-soulsilver,pokeapi
166,ledian,레디안,29,silver-wind,,level-up,heartgold-soulsilver,pokeapi
166,ledian,레디안,36,agility,고속이동,level-up,heartgold-soulsilver,pokeapi
166,ledian,레디안,41,swift,스피드스타,level-up,heartgold-soulsilver,pokeapi
166,ledian,레디안,48,double-edge,이판사판태클,level-up,heartgold-soulsilver,pokeapi
166,ledian,레디안,53,bug-buzz,,level-up,heartgold-soulsilver,pokeapi
167,spinarak,페이검,1,poison-sting,독침,level-up,heartgold-soulsilver,pokeapi
167,spinarak,페이검,1,string-shot,실뿜기,level-up,heartgold-soulsilver,pokeapi
167,spinarak,페이검,5,scary-face,겁나는얼굴,level-up,heartgold-soulsilver,pokeapi
167,spinarak,페이검,8,constrict,,level-up,heartgold-soulsilver,pokeapi
167,spinarak,페이검,12,leech-life,흡혈,level-up,heartgold-soulsilver,pokeapi
167,spinarak,페이검,15,night-shade,,level-up,heartgold-soulsilver,pokeapi
167,spinarak,페이검,19,shadow-sneak,,level-up,heartgold-soulsilver,pokeapi
167,spinarak,페이검,22,fury-swipes,,level-up,heartgold-soulsilver,pokeapi
167,spinarak,페이검,26,sucker-punch,기습,level-up,heartgold-soulsilver,pokeapi
167,spinarak,페이검,29,spider-web,,level-up,heartgold-soulsilver,pokeapi
167,spinarak,페이검,33,agility,고속이동,level-up,heartgold-soulsilver,pokeapi
167,spinarak,페이검,36,pin-missile,바늘미사일,level-up,heartgold-soulsilver,pokeapi
167,spinarak,페이검,40,psychic,사이코키네시스,level-up,heartgold-soulsilver,pokeapi
167,spinarak,페이검,43,poison-jab,독찌르기,level-up,heartgold-soulsilver,pokeapi
168,ariados,아리아도스,1,bug-bite,벌레먹음,level-up,heartgold-soulsilver,pokeapi
168,ariados,아리아도스,1,constrict,,level-up,heartgold-soulsilver,pokeapi
168,ariados,아리아도스,1,poison-sting,독침,level-up,heartgold-soulsilver,pokeapi
168,ariados,아리아도스,1,scary-face,겁나는얼굴,level-up,heartgold-soulsilver,pokeapi
168,ariados,아리아도스,1,string-shot,실뿜기,level-up,heartgold-soulsilver,pokeapi
168,ariados,아리아도스,5,scary-face,겁나는얼굴,level-up,heartgold-soulsilver,pokeapi
168,ariados,아리아도스,8,constrict,,level-up,heartgold-soulsilver,pokeapi
168,ariados,아리아도스,12,leech-life,흡혈,level-up,heartgold-soulsilver,pokeapi
168,ariados,아리아도스,15,night-shade,,level-up,heartgold-soulsilver,pokeapi
168,ariados,아리아도스,19,shadow-sneak,,level-up,heartgold-soulsilver,pokeapi
168,ariados,아리아도스,23,fury-swipes,,level-up,heartgold-soulsilver,pokeapi
168,ariados,아리아도스,28,sucker-punch,기습,level-up,heartgold-soulsilver,pokeapi
168,ariados,아리아도스,32,spider-web,,level-up,heartgold-soulsilver,pokeapi
168,ariados,아리아도스,37,agility,고속이동,level-up,heartgold-soulsilver,pokeapi
168,ariados,아리아도스,41,pin-missile,바늘미사일,level-up,heartgold-soulsilver,pokeapi
168,ariados,아리아도스,46,psychic,사이코키네시스,level-up,heartgold-soulsilver,pokeapi
168,ariados,아리아도스,50,poison-jab,독찌르기,level-up,heartgold-soulsilver,pokeapi
169,crobat,크로뱃,1,astonish,놀래키기,level-up,heartgold-soulsilver,pokeapi
169,crobat,크로뱃,1,cross-poison,,level-up,heartgold-soulsilver,pokeapi
169,crobat,크로뱃,1,leech-life,흡혈,level-up,heartgold-soulsilver,pokeapi
169,crobat,크로뱃,1,screech,싫은소리,level-up,heartgold-soulsilver,pokeapi
169,crobat,크로뱃,1,supersonic,,level-up,heartgold-soulsilver,pokeapi
169,crobat,크로뱃,5,supersonic,,level-up,heartgold-soulsilver,pokeapi
169,crobat,크로뱃,9,astonish,놀래키기,level-up,heartgold-soulsilver,pokeapi
169,crobat,크로뱃,13,bite,물기,level-up,heartgold-soulsilver,pokeapi
169,crobat,크로뱃,17,wing-attack,날개치기,level-up,heartgold-soulsilver,pokeapi
169,crobat,크로뱃,21,confuse-ray,,level-up,heartgold-soulsilver,pokeapi
169,crobat,크로뱃,27,air-cutter,,level-up,heartgold-soulsilver,pokeapi
169,crobat,크로뱃,33,mean-look,,level-up,heartgold-soulsilver,pokeapi
169,crobat,크로뱃,39,poison-fang,,level-up,heartgold-soulsilver,pokeapi
169,crobat,크로뱃,45,haze,,level-up,heartgold-soulsilver,pokeapi
169,crobat,크로뱃,51,air-slash,에어슬래시,level-up,heartgold-soulsilver,pokeapi
170,chinchou,초라기,1,bubble,거품,level-up,heartgold-soulsilver,pokeapi
170,chinchou,초라기,1,supersonic,,level-up,heartgold-soulsilver,pokeapi
170,chinchou,초라기,6,thunder-wave,전기자석파,level-up,heartgold-soulsilver,pokeapi
170,chinchou,초라기,9,flail,,level-up,heartgold-soulsilver,pokeapi
170,chinchou,초라기,12,water-gun,,level-up,heartgold-soulsilver,pokeapi
170,chinchou,초라기,17,confuse-ray,,level-up,heartgold-soulsilver,pokeapi
170,chinchou,초라기,20,spark,,level-up,heartgold-soulsilver,pokeapi
170,chinchou,초라기,23,take-down,,level-up,heartgold-soulsilver,pokeapi
170,chinchou,초라기,28,bubble-beam,,level-up,heartgold-soulsilver,pokeapi
170,chinchou,초라기,31,signal-beam,,level-up,heartgold-soulsilver,pokeapi
170,chinchou,초라기,34,discharge,,level-up,heartgold-soulsilver,pokeapi
170,chinchou,초라기,39,aqua-ring,,level-up,heartgold-soulsilver,pokeapi
170,chinchou,초라기,42,hydro-pump,하이드로펌프,level-up,heartgold-soulsilver,pokeapi
170,chinchou,초라기,45,charge,,level-up,heartgold-soulsilver,pokeapi
171,lanturn,랜턴,1,bubble,거품,level-up,heartgold-soulsilver,pokeapi
171,lanturn,랜턴,1,supersonic,,level-up,heartgold-soulsilver,pokeapi
171,lanturn,랜턴,1,thunder-wave,전기자석파,level-up,heartgold-soulsilver,pokeapi
171,lanturn,랜턴,6,thunder-wave,전기자석파,level-up,heartgold-soulsilver,pokeapi
171,lanturn,랜턴,9,flail,,level-up,heartgold-soulsilver,pokeapi
171,lanturn,랜턴,12,water-gun,,level-up,heartgold-soulsilver,pokeapi
171,lanturn,랜턴,17,confuse-ray,,level-up,heartgold-soulsilver,pokeapi
171,lanturn,랜턴,20,spark,,level-up,heartgold-soulsilver,pokeapi
171,lanturn,랜턴,23,take-down,,level-up,heartgold-soulsilver,pokeapi
171,lanturn,랜턴,27,spit-up,,level-up,heartgold-soulsilver,pokeapi
171,lanturn,랜턴,27,stockpile,,level-up,heartgold-soulsilver,pokeapi
171,lanturn,랜턴,27,swallow,,level-up,heartgold-soulsilver,pokeapi
171,lanturn,랜턴,30,bubble-beam,,level-up,heartgold-soulsilver,pokeapi
171,lanturn,랜턴,35,signal-beam,,level-up,heartgold-soulsilver,pokeapi
171,lanturn,랜턴,40,discharge,,level-up,heartgold-soulsilver,pokeapi
171,lanturn,랜턴,47,aqua-ring,,level-up,heartgold-soulsilver,pokeapi
171,lanturn,랜턴,52,hydro-pump,하이드로펌프,level-up,heartgold-soulsilver,pokeapi
171,lanturn,랜턴,57,charge,,level-up,heartgold-soulsilver,pokeapi
172,pichu,피츄,1,charm,애교부리기,level-up,heartgold-soulsilver,pokeapi
172,pichu,피츄,1,thunder-shock,,level-up,heartgold-soulsilver,pokeapi
172,pichu,피츄,5,tail-whip,꼬리흔들기,level-up,heartgold-soulsilver,pokeapi
172,pichu,피츄,10,thunder-wave,전기자석파,level-up,heartgold-soulsilver,pokeapi
172,pichu,피츄,13,sweet-kiss,,level-up,heartgold-soulsilver,pokeapi
172,pichu,피츄,18,nasty-plot,나쁜음모,level-up,heartgold-soulsilver,pokeapi
173,cleffa,삐,1,charm,애교부리기,level-up,heartgold-soulsilver,pokeapi
173,cleffa,삐,1,pound,,level-up,heartgold-soulsilver,pokeapi
173,cleffa,삐,4,encore,,level-up,heartgold-soulsilver,pokeapi
173,cleffa,삐,7,sing,노래하기,level-up,heartgold-soulsilver,pokeapi
173,cleffa,삐,10,sweet-kiss,,level-up,heartgold-soulsilver,pokeapi
173,cleffa,삐,13,copycat,,level-up,heartgold-soulsilver,pokeapi
173,cleffa,삐,16,magical-leaf,,level-up,heartgold-soulsilver,pokeapi
174,igglybuff,푸푸린,1,charm,애교부리기,level-up,heartgold-soulsilver,pokeapi
174,igglybuff,푸푸린,1,sing,노래하기,level-up,heartgold-soulsilver,pokeapi
174,igglybuff,푸푸린,5,defense-curl,,level-up,heartgold-soulsilver,pokeapi
174,igglybuff,푸푸린,9,pound,,level-up,heartgold-soulsilver,pokeapi
174,igglybuff,푸푸린,13,sweet-kiss,,level-up,heartgold-soulsilver,pokeapi
174,igglybuff,푸푸린,17,copycat,,level-up,heartgold-soulsilver,pokeapi
175,togepi,토게피,1,charm,애교부리기,level-up,heartgold-soulsilver,pokeapi
175,togepi,토게피,1,growl,,level-up,heartgold-soulsilver,pokeapi
175,togepi,토게피,6,metronome,,level-up,heartgold-soulsilver,pokeapi
175,togepi,토게피,10,sweet-kiss,,level-up,heartgold-soulsilver,pokeapi
175,togepi,토게피,15,yawn,,level-up,heartgold-soulsilver,pokeapi
175,togepi,토게피,19,encore,,level-up,heartgold-soulsilver,pokeapi
175,togepi,토게피,24,follow-me,,level-up,heartgold-soulsilver,pokeapi
175,togepi,토게피,28,wish,,level-up,heartgold-soulsilver,pokeapi
175,togepi,토게피,33,ancient-power,,level-up,heartgold-soulsilver,pokeapi
175,togepi,토게피,37,safeguard,,level-up,heartgold-soulsilver,pokeapi
175,togepi,토게피,42,baton-pass,,level-up,heartgold-soulsilver,pokeapi
175,togepi,토게피,46,double-edge,이판사판태클,level-up,heartgold-soulsilver,pokeapi
175,togepi,토게피,51,last-resort,,level-up,heartgold-soulsilver,pokeapi
176,togetic,토게틱,1,charm,애교부리기,level-up,heartgold-soulsilver,pokeapi
176,togetic,토게틱,1,growl,,level-up,heartgold-soulsilver,pokeapi
176,togetic,토게틱,1,magical-leaf,,level-up,heartgold-soulsilver,pokeapi
176,togetic,토게틱,1,metronome,,level-up,heartgold-soulsilver,pokeapi
176,togetic,토게틱,1,sweet-kiss,,level-up,heartgold-soulsilver,pokeapi
176,togetic,토게틱,6,metronome,,level-up,heartgold-soulsilver,pokeapi
176,togetic,토게틱,10,sweet-kiss,,level-up,heartgold-soulsilver,pokeapi
176,togetic,토게틱,15,yawn,,level-up,heartgold-soulsilver,pokeapi
176,togetic,토게틱,19,encore,,level-up,heartgold-soulsilver,pokeapi
176,togetic,토게틱,24,follow-me,,level-up,heartgold-soulsilver,pokeapi
176,togetic,토게틱,28,wish,,level-up,heartgold-soulsilver,pokeapi
176,togetic,토게틱,33,ancient-power,,level-up,heartgold-soulsilver,pokeapi
176,togetic,토게틱,37,safeguard,,level-up,heartgold-soulsilver,pokeapi
176,togetic,토게틱,42,baton-pass,,level-up,heartgold-soulsilver,pokeapi
176,togetic,토게틱,46,double-edge,이판사판태클,level-up,heartgold-soulsilver,pokeapi
176,togetic,토게틱,51,last-resort,,level-up,heartgold-soulsilver,pokeapi
177,natu,네이티,1,leer,,level-up,heartgold-soulsilver,pokeapi
177,natu,네이티,1,peck,쪼기,level-up,heartgold-soulsilver,pokeapi
177,natu,네이티,6,night-shade,,level-up,heartgold-soulsilver,pokeapi
177,natu,네이티,9,teleport,,level-up,heartgold-soulsilver,pokeapi
177,natu,네이티,12,lucky-chant,,level-up,heartgold-soulsilver,pokeapi
177,natu,네이티,17,miracle-eye,,level-up,heartgold-soulsilver,pokeapi
177,natu,네이티,20,me-first,,level-up,heartgold-soulsilver,pokeapi
177,natu,네이티,23,confuse-ray,,level-up,heartgold-soulsilver,pokeapi
177,natu,네이티,28,wish,,level-up,heartgold-soulsilver,pokeapi
177,natu,네이티,33,psycho-shift,,level-up,heartgold-soulsilver,pokeapi
177,natu,네이티,36,future-sight,,level-up,heartgold-soulsilver,pokeapi
177,natu,네이티,39,ominous-wind,,level-up,heartgold-soulsilver,pokeapi
177,natu,네이티,44,guard-swap,,level-up,heartgold-soulsilver,pokeapi
177,natu,네이티,44,power-swap,,level-up,heartgold-soulsilver,pokeapi
177,natu,네이티,47,psychic,사이코키네시스,level-up,heartgold-soulsilver,pokeapi
178,xatu,네이티오,1,leer,,level-up,heartgold-soulsilver,pokeapi
178,xatu,네이티오,1,peck,쪼기,level-up,heartgold-soulsilver,pokeapi
178,xatu,네이티오,6,night-shade,,level-up,heartgold-soulsilver,pokeapi
178,xatu,네이티오,9,teleport,,level-up,heartgold-soulsilver,pokeapi
178,xatu,네이티오,12,lucky-chant,,level-up,heartgold-soulsilver,pokeapi
178,xatu,네이티오,17,miracle-eye,,level-up,heartgold-soulsilver,pokeapi
178,xatu,네이티오,20,me-first,,level-up,heartgold-soulsilver,pokeapi
178,xatu,네이티오,23,confuse-ray,,level-up,heartgold-soulsilver,pokeapi
178,xatu,네이티오,27,tailwind,,level-up,heartgold-soulsilver,pokeapi
178,xatu,네이티오,30,wish,,level-up,heartgold-soulsilver,pokeapi
178,xatu,네이티오,37,psycho-shift,,level-up,heartgold-soulsilver,pokeapi
178,xatu,네이티오,42,future-sight,,level-up,heartgold-soulsilver,pokeapi
178,xatu,네이티오,47,ominous-wind,,level-up,heartgold-soulsilver,pokeapi
178,xatu,네이티오,54,guard-swap,,level-up,heartgold-soulsilver,pokeapi
178,xatu,네이티오,54,power-swap,,level-up,heartgold-soulsilver,pokeapi
178,xatu,네이티오,59,psychic,사이코키네시스,level-up,heartgold-soulsilver,pokeapi
179,mareep,메리프,1,tackle,,level-up,heartgold-soulsilver,pokeapi
179,mareep,메리프,5,growl,,level-up,heartgold-soulsilver,pokeapi
179,mareep,메리프,10,thunder-shock,,level-up,heartgold-soulsilver,pokeapi
179,mareep,메리프,14,thunder-wave,전기자석파,level-up,heartgold-soulsilver,pokeapi
179,mareep,메리프,19,cotton-spore,,level-up,heartgold-soulsilver,pokeapi
179,mareep,메리프,23,charge,,level-up,heartgold-soulsilver,pokeapi
179,mareep,메리프,28,discharge,,level-up,heartgold-soulsilver,pokeapi
179,mareep,메리프,32,signal-beam,,level-up,heartgold-soulsilver,pokeapi
179,mareep,메리프,37,light-screen,,level-up,heartgold-soulsilver,pokeapi
179,mareep,메리프,41,power-gem,,level-up,heartgold-soulsilver,pokeapi
179,mareep,메리프,46,thunder,번개,level-up,heartgold-soulsilver,pokeapi
180,flaaffy,보송송,1,growl,,level-up,heartgold-soulsilver,pokeapi
180,flaaffy,보송송,1,tackle,,level-up,heartgold-soulsilver,pokeapi
180,flaaffy,보송송,1,thunder-shock,,level-up,heartgold-soulsilver,pokeapi
180,flaaffy,보송송,5,growl,,level-up,heartgold-soulsilver,pokeapi
180,flaaffy,보송송,10,thunder-shock,,level-up,heartgold-soulsilver,pokeapi
180,flaaffy,보송송,14,thunder-wave,전기자석파,level-up,heartgold-soulsilver,pokeapi
180,flaaffy,보송송,20,cotton-spore,,level-up,heartgold-soulsilver,pokeapi
180,flaaffy,보송송,25,charge,,level-up,heartgold-soulsilver,pokeapi
180,flaaffy,보송송,31,discharge,,level-up,heartgold-soulsilver,pokeapi
180,flaaffy,보송송,36,signal-beam,,level-up,heartgold-soulsilver,pokeapi
180,flaaffy,보송송,42,light-screen,,level-up,heartgold-soulsilver,pokeapi
180,flaaffy,보송송,47,power-gem,,level-up,heartgold-soulsilver,pokeapi
180,flaaffy,보송송,53,thunder,번개,level-up,heartgold-soulsilver,pokeapi
181,ampharos,전룡,1,fire-punch,,level-up,heartgold-soulsilver,pokeapi
181,ampharos,전룡,1,growl,,level-up,heartgold-soulsilver,pokeapi
181,ampharos,전룡,1,tackle,,level-up,heartgold-soulsilver,pokeapi
181,ampharos,전룡,1,thunder-shock,,level-up,heartgold-soulsilver,pokeapi
181,ampharos,전룡,1,thunder-wave,전기자석파,level-up,heartgold-soulsilver,pokeapi
181,ampharos,전룡,5,growl,,level-up,heartgold-soulsilver,pokeapi
181,ampharos,전룡,10,thunder-shock,,level-up,heartgold-soulsilver,pokeapi
181,ampharos,전룡,14,thunder-wave,전기자석파,level-up,heartgold-soulsilver,pokeapi
181,ampharos,전룡,20,cotton-spore,,level-up,heartgold-soulsilver,pokeapi
181,ampharos,전룡,25,charge,,level-up,heartgold-soulsilver,pokeapi
181,ampharos,전룡,30,thunder-punch,,level-up,heartgold-soulsilver,pokeapi
181,ampharos,전룡,34,discharge,,level-up,heartgold-soulsilver,pokeapi
181,ampharos,전룡,42,signal-beam,,level-up,heartgold-soulsilver,pokeapi
181,ampharos,전룡,51,light-screen,,level-up,heartgold-soulsilver,pokeapi
181,ampharos,전룡,59,power-gem,,level-up,heartgold-soulsilver,pokeapi
181,ampharos,전룡,68,thunder,번개,level-up,heartgold-soulsilver,pokeapi
182,bellossom,아르코,1,leaf-blade,,level-up,heartgold-soulsilver,pokeapi
182,bellossom,아르코,1,mega-drain,메가드레인,level-up,heartgold-soulsilver,pokeapi
182,bellossom,아르코,1,stun-spore,,level-up,heartgold-soulsilver,pokeapi
182,bellossom,아르코,1,sunny-day,,level-up,heartgold-soulsilver,pokeapi
182,bellossom,아르코,1,sweet-scent,,level-up,heartgold-soulsilver,pokeapi
182,bellossom,아르코,23,magical-leaf,,level-up,heartgold-soulsilver,pokeapi
182,bellossom,아르코,53,leaf-storm,,level-up,heartgold-soulsilver,pokeapi
183,marill,마릴,1,tackle,,level-up,heartgold-soulsilver,pokeapi
183,marill,마릴,2,defense-curl,,level-up,heartgold-soulsilver,pokeapi
183,marill,마릴,7,tail-whip,꼬리흔들기,level-up,heartgold-soulsilver,pokeapi
183,marill,마릴,10,water-gun,,level-up,heartgold-soulsilver,pokeapi
183,marill,마릴,15,rollout,,level-up,heartgold-soulsilver,pokeapi
183,marill,마릴,18,bubble-beam,,level-up,heartgold-soulsilver,pokeapi
183,marill,마릴,23,aqua-ring,,level-up,heartgold-soulsilver,pokeapi
183,marill,마릴,27,double-edge,이판사판태클,level-up,heartgold-soulsilver,pokeapi
183,marill,마릴,32,rain-dance,,level-up,heartgold-soulsilver,pokeapi
183,marill,마릴,37,aqua-tail,아쿠아테일,level-up,heartgold-soulsilver,pokeapi
183,marill,마릴,42,hydro-pump,하이드로펌프,level-up,heartgold-soulsilver,pokeapi
184,azumarill,마릴리,1,defense-curl,,level-up,heartgold-soulsilver,pokeapi
184,azumarill,마릴리,1,tackle,,level-up,heartgold-soulsilver,pokeapi
184,azumarill,마릴리,1,tail-whip,꼬리흔들기,level-up,heartgold-soulsilver,pokeapi
184,azumarill,마릴리,1,water-gun,,level-up,heartgold-soulsilver,pokeapi
184,azumarill,마릴리,2,defense-curl,,level-up,heartgold-soulsilver,pokeapi
184,azumarill,마릴리,7,tail-whip,꼬리흔들기,level-up,heartgold-soulsilver,pokeapi
184,azumarill,마릴리,10,water-gun,,level-up,heartgold-soulsilver,pokeapi
184,azumarill,마릴리,15,rollout,,level-up,heartgold-soulsilver,pokeapi
184,azumarill,마릴리,20,bubble-beam,,level-up,heartgold-soulsilver,pokeapi
184,azumarill,마릴리,27,aqua-ring,,level-up,heartgold-soulsilver,pokeapi
184,azumarill,마릴리,33,double-edge,이판사판태클,level-up,heartgold-soulsilver,pokeapi
184,azumarill,마릴리,40,rain-dance,,level-up,heartgold-soulsilver,pokeapi
184,azumarill,마릴리,47,aqua-tail,아쿠아테일,level-up,heartgold-soulsilver,pokeapi
184,azumarill,마릴리,54,hydro-pump,하이드로펌프,level-up,heartgold-soulsilver,pokeapi
185,sudowoodo,꼬지모,1,copycat,,level-up,heartgold-soulsilver,pokeapi
185,sudowoodo,꼬지모,1,flail,,level-up,heartgold-soulsilver,pokeapi
185,sudowoodo,꼬지모,1,low-kick,안다리걸기,level-up,heartgold-soulsilver,pokeapi
185,sudowoodo,꼬지모,1,rock-throw,,level-up,heartgold-soulsilver,pokeapi
185,sudowoodo,꼬지모,1,wood-hammer,우드해머,level-up,heartgold-soulsilver,pokeapi
185,sudowoodo,꼬지모,6,flail,,level-up,heartgold-soulsilver,pokeapi
185,sudowoodo,꼬지모,9,low-kick,안다리걸기,level-up,heartgold-soulsilver,pokeapi
185,sudowoodo,꼬지모,14,rock-throw,,level-up,heartgold-soulsilver,pokeapi
185,sudowoodo,꼬지모,17,mimic,,level-up,heartgold-soulsilver,pokeapi
185,sudowoodo,꼬지모,22,block,,level-up,heartgold-soulsilver,pokeapi
185,sudowoodo,꼬지모,25,feint-attack,,level-up,heartgold-soulsilver,pokeapi
185,sudowoodo,꼬지모,30,rock-tomb,암석봉인,level-up,heartgold-soulsilver,pokeapi
185,sudowoodo,꼬지모,33,rock-slide,록슬라이드,level-up,heartgold-soulsilver,pokeapi
185,sudowoodo,꼬지모,38,slam,,level-up,heartgold-soulsilver,pokeapi
185,sudowoodo,꼬지모,41,sucker-punch,기습,level-up,heartgold-soulsilver,pokeapi
185,sudowoodo,꼬지모,46,double-edge,이판사판태클,level-up,heartgold-soulsilver,pokeapi
185,sudowoodo,꼬지모,49,hammer-arm,,level-up,heartgold-soulsilver,pokeapi
186,politoed,왕구리,1,bubble-beam,,level-up,heartgold-soulsilver,pokeapi
186,politoed,왕구리,1,double-slap,,level-up,heartgold-soulsilver,pokeapi
186,politoed,왕구리,1,hypnosis,최면술,level-up,heartgold-soulsilver,pokeapi
186,politoed,왕구리,1,perish-song,멸망의노래,level-up,heartgold-soulsilver,pokeapi
186,politoed,왕구리,27,swagger,,level-up,heartgold-soulsilver,pokeapi
186,politoed,왕구리,37,bounce,,level-up,heartgold-soulsilver,pokeapi
186,politoed,왕구리,48,hyper-voice,,level-up,heartgold-soulsilver,pokeapi
187,hoppip,통통코,1,splash,,level-up,heartgold-soulsilver,pokeapi
187,hoppip,통통코,4,synthesis,광합성,level-up,heartgold-soulsilver,pokeapi
187,hoppip,통통코,7,tail-whip,꼬리흔들기,level-up,heartgold-soulsilver,pokeapi
187,hoppip,통통코,10,tackle,,level-up,heartgold-soulsilver,pokeapi
187,hoppip,통통코,12,poison-powder,독가루,level-up,heartgold-soulsilver,pokeapi
187,hoppip,통통코,14,stun-spore,,level-up,heartgold-soulsilver,pokeapi
187,hoppip,통통코,16,sleep-powder,수면가루,level-up,heartgold-soulsilver,pokeapi
187,hoppip,통통코,19,bullet-seed,씨기관총,level-up,heartgold-soulsilver,pokeapi
187,hoppip,통통코,22,leech-seed,,level-up,heartgold-soulsilver,pokeapi
187,hoppip,통통코,25,mega-drain,메가드레인,level-up,heartgold-soulsilver,pokeapi
187,hoppip,통통코,28,cotton-spore,,level-up,heartgold-soulsilver,pokeapi
187,hoppip,통통코,31,u-turn,,level-up,heartgold-soulsilver,pokeapi
187,hoppip,통통코,34,worry-seed,,level-up,heartgold-soulsilver,pokeapi
187,hoppip,통통코,37,giga-drain,기가드레인,level-up,heartgold-soulsilver,pokeapi
187,hoppip,통통코,40,bounce,,level-up,heartgold-soulsilver,pokeapi
187,hoppip,통통코,43,memento,,level-up,heartgold-soulsilver,pokeapi
188,skiploom,두코,1,splash,,level-up,heartgold-soulsilver,pokeapi
188,skiploom,두코,1,synthesis,광합성,level-up,heartgold-soulsilver,pokeapi
188,skiploom,두코,1,tackle,,level-up,heartgold-soulsilver,pokeapi
188,skiploom,두코,1,tail-whip,꼬리흔들기,level-up,heartgold-soulsilver,pokeapi
188,skiploom,두코,4,synthesis,광합성,level-up,heartgold-soulsilver,pokeapi
188,skiploom,두코,7,tail-whip,꼬리흔들기,level-up,heartgold-soulsilver,pokeapi
188,skiploom,두코,10,tackle,,level-up,heartgold-soulsilver,pokeapi
188,skiploom,두코,12,poison-powder,독가루,level-up,heartgold-soulsilver,pokeapi
188,skiploom,두코,14,stun-spore,,level-up,heartgold-soulsilver,pokeapi
188,skiploom,두코,16,sleep-powder,수면가루,level-up,heartgold-soulsilver,pokeapi
188,skiploom,두코,20,bullet-seed,씨기관총,level-up,heartgold-soulsilver,pokeapi
188,skiploom,두코,24,leech-seed,,level-up,heartgold-soulsilver,pokeapi
188,skiploom,두코,28,mega-drain,메가드레인,level-up,heartgold-soulsilver,pokeapi
188,skiploom,두코,32,cotton-spore,,level-up,heartgold-soulsilver,pokeapi
188,skiploom,두코,36,u-turn,,level-up,heartgold-soulsilver,pokeapi
188,skiploom,두코,40,worry-seed,,level-up,heartgold-soulsilver,pokeapi
188,skiploom,두코,44,giga-drain,기가드레인,level-up,heartgold-soulsilver,pokeapi
188,skiploom,두코,48,bounce,,level-up,heartgold-soulsilver,pokeapi
188,skiploom,두코,52,memento,,level-up,heartgold-soulsilver,pokeapi
189,jumpluff,솜솜코,1,splash,,level-up,heartgold-soulsilver,pokeapi
189,jumpluff,솜솜코,1,synthesis,광합성,level-up,heartgold-soulsilver,pokeapi
189,jumpluff,솜솜코,1,tackle,,level-up,heartgold-soulsilver,pokeapi
189,jumpluff,솜솜코,1,tail-whip,꼬리흔들기,level-up,heartgold-soulsilver,pokeapi
189,jumpluff,솜솜코,4,synthesis,광합성,level-up,heartgold-soulsilver,pokeapi
189,jumpluff,솜솜코,7,tail-whip,꼬리흔들기,level-up,heartgold-soulsilver,pokeapi
189,jumpluff,솜솜코,10,tackle,,level-up,heartgold-soulsilver,pokeapi
189,jumpluff,솜솜코,12,poison-powder,독가루,level-up,heartgold-soulsilver,pokeapi
189,jumpluff,솜솜코,14,stun-spore,,level-up,heartgold-soulsilver,pokeapi
189,jumpluff,솜솜코,16,sleep-powder,수면가루,level-up,heartgold-soulsilver,pokeapi
189,jumpluff,솜솜코,20,bullet-seed,씨기관총,level-up,heartgold-soulsilver,pokeapi
189,jumpluff,솜솜코,24,leech-seed,,level-up,heartgold-soulsilver,pokeapi
189,jumpluff,솜솜코,28,mega-drain,메가드레인,level-up,heartgold-soulsilver,pokeapi
189,jumpluff,솜솜코,32,cotton-spore,,level-up,heartgold-soulsilver,pokeapi
189,jumpluff,솜솜코,36,u-turn,,level-up,heartgold-soulsilver,pokeapi
189,jumpluff,솜솜코,40,worry-seed,,level-up,heartgold-soulsilver,pokeapi
189,jumpluff,솜솜코,44,giga-drain,기가드레인,level-up,heartgold-soulsilver,pokeapi
189,jumpluff,솜솜코,48,bounce,,level-up,heartgold-soulsilver,pokeapi
189,jumpluff,솜솜코,52,memento,,level-up,heartgold-soulsilver,pokeapi
190,aipom,에이팜,1,scratch,,level-up,heartgold-soulsilver,pokeapi
190,aipom,에이팜,1,tail-whip,꼬리흔들기,level-up,heartgold-soulsilver,pokeapi
190,aipom,에이팜,4,sand-attack,,level-up,heartgold-soulsilver,pokeapi
190,aipom,에이팜,8,astonish,놀래키기,level-up,heartgold-soulsilver,pokeapi
190,aipom,에이팜,11,baton-pass,,level-up,heartgold-soulsilver,pokeapi
190,aipom,에이팜,15,tickle,간지르기,level-up,heartgold-soulsilver,pokeapi
190,aipom,에이팜,18,fury-swipes,,level-up,heartgold-soulsilver,pokeapi
190,aipom,에이팜,22,swift,스피드스타,level-up,heartgold-soulsilver,pokeapi
190,aipom,에이팜,25,screech,싫은소리,level-up,heartgold-soulsilver,pokeapi
190,aipom,에이팜,29,agility,고속이동,level-up,heartgold-soulsilver,pokeapi
190,aipom,에이팜,32,double-hit,,level-up,heartgold-soulsilver,pokeapi
190,aipom,에이팜,36,fling,,level-up,heartgold-soulsilver,pokeapi
190,aipom,에이팜,39,nasty-plot,나쁜음모,level-up,heartgold-soulsilver,pokeapi
190,aipom,에이팜,43,last-resort,,level-up,heartgold-soulsilver,pokeapi
191,sunkern,해너츠,1,absorb,흡수,level-up,heartgold-soulsilver,pokeapi
191,sunkern,해너츠,1,growth,,level-up,heartgold-soulsilver,pokeapi
191,sunkern,해너츠,5,mega-drain,메가드레인,level-up,heartgold-soulsilver,pokeapi
191,sunkern,해너츠,9,ingrain,,level-up,heartgold-soulsilver,pokeapi
191,sunkern,해너츠,13,grass-whistle,,level-up,heartgold-soulsilver,pokeapi
191,sunkern,해너츠,17,leech-seed,,level-up,heartgold-soulsilver,pokeapi
191,sunkern,해너츠,21,endeavor,,level-up,heartgold-soulsilver,pokeapi
191,sunkern,해너츠,25,worry-seed,,level-up,heartgold-soulsilver,pokeapi
191,sunkern,해너츠,29,razor-leaf,잎날가르기,level-up,heartgold-soulsilver,pokeapi
191,sunkern,해너츠,33,synthesis,광합성,level-up,heartgold-soulsilver,pokeapi
191,sunkern,해너츠,37,sunny-day,,level-up,heartgold-soulsilver,pokeapi
191,sunkern,해너츠,41,giga-drain,기가드레인,level-up,heartgold-soulsilver,pokeapi
191,sunkern,해너츠,45,seed-bomb,,level-up,heartgold-soulsilver,pokeapi
192,sunflora,해루미,1,absorb,흡수,level-up,heartgold-soulsilver,pokeapi
192,sunflora,해루미,1,growth,,level-up,heartgold-soulsilver,pokeapi
192,sunflora,해루미,1,pound,,level-up,heartgold-soulsilver,pokeapi
192,sunflora,해루미,5,mega-drain,메가드레인,level-up,heartgold-soulsilver,pokeapi
192,sunflora,해루미,9,ingrain,,level-up,heartgold-soulsilver,pokeapi
192,sunflora,해루미,13,grass-whistle,,level-up,heartgold-soulsilver,pokeapi
192,sunflora,해루미,17,leech-seed,,level-up,heartgold-soulsilver,pokeapi
192,sunflora,해루미,21,bullet-seed,씨기관총,level-up,heartgold-soulsilver,pokeapi
192,sunflora,해루미,25,worry-seed,,level-up,heartgold-soulsilver,pokeapi
192,sunflora,해루미,29,razor-leaf,잎날가르기,level-up,heartgold-soulsilver,pokeapi
192,sunflora,해루미,33,petal-dance,,level-up,heartgold-soulsilver,pokeapi
192,sunflora,해루미,37,sunny-day,,level-up,heartgold-soulsilver,pokeapi
192,sunflora,해루미,41,solar-beam,,level-up,heartgold-soulsilver,pokeapi
192,sunflora,해루미,43,leaf-storm,,level-up,heartgold-soulsilver,pokeapi
193,yanma,왕자리,1,foresight,,level-up,heartgold-soulsilver,pokeapi
193,yanma,왕자리,1,tackle,,level-up,heartgold-soulsilver,pokeapi
193,yanma,왕자리,6,quick-attack,전광석화,level-up,heartgold-soulsilver,pokeapi
193,yanma,왕자리,11,double-team,,level-up,heartgold-soulsilver,pokeapi
193,yanma,왕자리,14,sonic-boom,,level-up,heartgold-soulsilver,pokeapi
193,yanma,왕자리,17,detect,,level-up,heartgold-soulsilver,pokeapi
193,yanma,왕자리,22,supersonic,,level-up,heartgold-soulsilver,pokeapi
193,yanma,왕자리,27,uproar,,level-up,heartgold-soulsilver,pokeapi
193,yanma,왕자리,30,pursuit,따라가때리기,level-up,heartgold-soulsilver,pokeapi
193,yanma,왕자리,33,ancient-power,,level-up,heartgold-soulsilver,pokeapi
193,yanma,왕자리,38,hypnosis,최면술,level-up,heartgold-soulsilver,pokeapi
193,yanma,왕자리,43,wing-attack,날개치기,level-up,heartgold-soulsilver,pokeapi
193,yanma,왕자리,46,screech,싫은소리,level-up,heartgold-soulsilver,pokeapi
193,yanma,왕자리,49,u-turn,,level-up,heartgold-soulsilver,pokeapi
193,yanma,왕자리,54,air-slash,에어슬래시,level-up,heartgold-soulsilver,pokeapi
193,yanma,왕자리,57,bug-buzz,,level-up,heartgold-soulsilver,pokeapi
194,wooper,우파,1,tail-whip,꼬리흔들기,level-up,heartgold-soulsilver,pokeapi
194,wooper,우파,1,water-gun,,level-up,heartgold-soulsilver,pokeapi
194,wooper,우파,5,mud-sport,,level-up,heartgold-soulsilver,pokeapi
194,wooper,우파,9,mud-shot,,level-up,heartgold-soulsilver,pokeapi
194,wooper,우파,15,slam,,level-up,heartgold-soulsilver,pokeapi
194,wooper,우파,19,mud-bomb,진흙폭탄,level-up,heartgold-soulsilver,pokeapi
194,wooper,우파,23,amnesia,,level-up,heartgold-soulsilver,pokeapi
194,wooper,우파,29,yawn,,level-up,heartgold-soulsilver,pokeapi
194,wooper,우파,33,earthquake,지진,level-up,heartgold-soulsilver,pokeapi
194,wooper,우파,37,rain-dance,,level-up,heartgold-soulsilver,pokeapi
194,wooper,우파,43,haze,,level-up,heartgold-soulsilver,pokeapi
194,wooper,우파,43,mist,,level-up,heartgold-soulsilver,pokeapi
194,wooper,우파,47,muddy-water,,level-up,heartgold-soulsilver,pokeapi
195,quagsire,누오,1,mud-sport,,level-up,heartgold-soulsilver,pokeapi
195,quagsire,누오,1,tail-whip,꼬리흔들기,level-up,heartgold-soulsilver,pokeapi
195,quagsire,누오,1,water-gun,,level-up,heartgold-soulsilver,pokeapi
195,quagsire,누오,5,mud-sport,,level-up,heartgold-soulsilver,pokeapi
195,quagsire,누오,9,mud-shot,,level-up,heartgold-soulsilver,pokeapi
195,quagsire,누오,15,slam,,level-up,heartgold-soulsilver,pokeapi
195,quagsire,누오,19,mud-bomb,진흙폭탄,level-up,heartgold-soulsilver,pokeapi
195,quagsire,누오,24,amnesia,,level-up,heartgold-soulsilver,pokeapi
195,quagsire,누오,31,yawn,,level-up,heartgold-soulsilver,pokeapi
195,quagsire,누오,36,earthquake,지진,level-up,heartgold-soulsilver,pokeapi
195,quagsire,누오,41,rain-dance,,level-up,heartgold-soulsilver,pokeapi
195,quagsire,누오,48,haze,,level-up,heartgold-soulsilver,pokeapi
195,quagsire,누오,48,mist,,level-up,heartgold-soulsilver,pokeapi
195,quagsire,누오,53,muddy-water,,level-up,heartgold-soulsilver,pokeapi
196,espeon,에브이,1,helping-hand,,level-up,heartgold-soulsilver,pokeapi
196,espeon,에브이,1,tackle,,level-up,heartgold-soulsilver,pokeapi
196,espeon,에브이,1,tail-whip,꼬리흔들기,level-up,heartgold-soulsilver,pokeapi
196,espeon,에브이,8,sand-attack,,level-up,heartgold-soulsilver,pokeapi
196,espeon,에브이,15,confusion,염동력,level-up,heartgold-soulsilver,pokeapi
196,espeon,에브이,22,quick-attack,전광석화,level-up,heartgold-soulsilver,pokeapi
196,espeon,에브이,29,swift,스피드스타,level-up,heartgold-soulsilver,pokeapi
196,espeon,에브이,36,psybeam,,level-up,heartgold-soulsilver,pokeapi
196,espeon,에브이,43,future-sight,,level-up,heartgold-soulsilver,pokeapi
196,espeon,에브이,50,last-resort,,level-up,heartgold-soulsilver,pokeapi
196,espeon,에브이,57,psych-up,,level-up,heartgold-soulsilver,pokeapi
196,espeon,에브이,64,psychic,사이코키네시스,level-up,heartgold-soulsilver,pokeapi
196,espeon,에브이,71,morning-sun,,level-up,heartgold-soulsilver,pokeapi
196,espeon,에브이,78,power-swap,,level-up,heartgold-soulsilver,pokeapi
197,umbreon,블래키,1,helping-hand,,level-up,heartgold-soulsilver,pokeapi
197,umbreon,블래키,1,tackle,,level-up,heartgold-soulsilver,pokeapi
197,umbreon,블래키,1,tail-whip,꼬리흔들기,level-up,heartgold-soulsilver,pokeapi
197,umbreon,블래키,8,sand-attack,,level-up,heartgold-soulsilver,pokeapi
197,umbreon,블래키,15,pursuit,따라가때리기,level-up,heartgold-soulsilver,pokeapi
197,umbreon,블래키,22,quick-attack,전광석화,level-up,heartgold-soulsilver,pokeapi
197,umbreon,블래키,29,confuse-ray,,level-up,heartgold-soulsilver,pokeapi
197,umbreon,블래키,36,feint-attack,,level-up,heartgold-soulsilver,pokeapi
197,umbreon,블래키,43,assurance,,level-up,heartgold-soulsilver,pokeapi
197,umbreon,블래키,50,last-resort,,level-up,heartgold-soulsilver,pokeapi
197,umbreon,블래키,57,mean-look,,level-up,heartgold-soulsilver,pokeapi
197,umbreon,블래키,64,screech,싫은소리,level-up,heartgold-soulsilver,pokeapi
197,umbreon,블래키,71,moonlight,,level-up,heartgold-soulsilver,pokeapi
197,umbreon,블래키,78,guard-swap,,level-up,heartgold-soulsilver,pokeapi
198,murkrow,니로우,1,astonish,놀래키기,level-up,heartgold-soulsilver,pokeapi
198,murkrow,니로우,1,peck,쪼기,level-up,heartgold-soulsilver,pokeapi
198,murkrow,니로우,5,pursuit,따라가때리기,level-up,heartgold-soulsilver,pokeapi
198,murkrow,니로우,11,haze,,level-up,heartgold-soulsilver,pokeapi
198,murkrow,니로우,15,wing-attack,날개치기,level-up,heartgold-soulsilver,pokeapi
198,murkrow,니로우,21,night-shade,,level-up,heartgold-soulsilver,pokeapi
198,murkrow,니로우,25,assurance,,level-up,heartgold-soulsilver,pokeapi
198,murkrow,니로우,31,taunt,,level-up,heartgold-soulsilver,pokeapi
198,murkrow,니로우,35,feint-attack,,level-up,heartgold-soulsilver,pokeapi
198,murkrow,니로우,41,mean-look,,level-up,heartgold-soulsilver,pokeapi
198,murkrow,니로우,45,sucker-punch,기습,level-up,heartgold-soulsilver,pokeapi
199,slowking,야도킹,1,curse,,level-up,heartgold-soulsilver,pokeapi
199,slowking,야도킹,1,hidden-power,,level-up,heartgold-soulsilver,pokeapi
199,slowking,야도킹,1,power-gem,,level-up,heartgold-soulsilver,pokeapi
199,slowking,야도킹,1,tackle,,level-up,heartgold-soulsilver,pokeapi
199,slowking,야도킹,1,yawn,,level-up,heartgold-soulsilver,pokeapi
199,slowking,야도킹,6,growl,,level-up,heartgold-soulsilver,pokeapi
199,slowking,야도킹,11,water-gun,,level-up,heartgold-soulsilver,pokeapi
199,slowking,야도킹,15,confusion,염동력,level-up,heartgold-soulsilver,pokeapi
199,slowking,야도킹,20,disable,,level-up,heartgold-soulsilver,pokeapi
199,slowking,야도킹,25,headbutt,,level-up,heartgold-soulsilver,pokeapi
199,slowking,야도킹,29,water-pulse,물의파동,level-up,heartgold-soulsilver,pokeapi
199,slowking,야도킹,34,zen-headbutt,,level-up,heartgold-soulsilver,pokeapi
199,slowking,야도킹,39,nasty-plot,나쁜음모,level-up,heartgold-soulsilver,pokeapi
199,slowking,야도킹,43,swagger,,level-up,heartgold-soulsilver,pokeapi
199,slowking,야도킹,48,psychic,사이코키네시스,level-up,heartgold-soulsilver,pokeapi
199,slowking,야도킹,53,trump-card,,level-up,heartgold-soulsilver,pokeapi
199,slowking,야도킹,57,psych-up,,level-up,heartgold-soulsilver,pokeapi
200,misdreavus,무우마,1,growl,,level-up,heartgold-soulsilver,pokeapi
200,misdreavus,무우마,1,psywave,,level-up,heartgold-soulsilver,pokeapi
200,misdreavus,무우마,5,spite,,level-up,heartgold-soulsilver,pokeapi
200,misdreavus,무우마,10,astonish,놀래키기,level-up,heartgold-soulsilver,pokeapi
200,misdreavus,무우마,14,confuse-ray,,level-up,heartgold-soulsilver,pokeapi
200,misdreavus,무우마,19,mean-look,,level-up,heartgold-soulsilver,pokeapi
200,misdreavus,무우마,23,psybeam,,level-up,heartgold-soulsilver,pokeapi
200,misdreavus,무우마,28,pain-split,,level-up,heartgold-soulsilver,pokeapi
200,misdreavus,무우마,32,payback,,level-up,heartgold-soulsilver,pokeapi
200,misdreavus,무우마,37,shadow-ball,섀도볼,level-up,heartgold-soulsilver,pokeapi
200,misdreavus,무우마,41,perish-song,멸망의노래,level-up,heartgold-soulsilver,pokeapi
200,misdreavus,무우마,46,grudge,,level-up,heartgold-soulsilver,pokeapi
200,misdreavus,무우마,50,power-gem,,level-up,heartgold-soulsilver,pokeapi
201,unown,안농,1,hidden-power,,level-up,heartgold-soulsilver,pokeapi
202,wobbuffet,마자용,1,counter,,level-up,heartgold-soulsilver,pokeapi
202,wobbuffet,마자용,1,destiny-bond,,level-up,heartgold-soulsilver,pokeapi
202,wobbuffet,마자용,1,mirror-coat,,level-up,heartgold-soulsilver,pokeapi
202,wobbuffet,마자용,1,safeguard,,level-up,heartgold-soulsilver,pokeapi
203,girafarig,키링키,1,astonish,놀래키기,level-up,heartgold-soulsilver,pokeapi
203,girafarig,키링키,1,confusion,염동력,level-up,heartgold-soulsilver,pokeapi
203,girafarig,키링키,1,growl,,level-up,heartgold-soulsilver,pokeapi
203,girafarig,키링키,1,guard-swap,,level-up,heartgold-soulsilver,pokeapi
203,girafarig,키링키,1,power-swap,,level-up,heartgold-soulsilver,pokeapi
203,girafarig,키링키,1,tackle,,level-up,heartgold-soulsilver,pokeapi
203,girafarig,키링키,5,odor-sleuth,,level-up,heartgold-soulsilver,pokeapi
203,girafarig,키링키,10,stomp,,level-up,heartgold-soulsilver,pokeapi
203,girafarig,키링키,14,agility,고속이동,level-up,heartgold-soulsilver,pokeapi
203,girafarig,키링키,19,psybeam,,level-up,heartgold-soulsilver,pokeapi
203,girafarig,키링키,23,baton-pass,,level-up,heartgold-soulsilver,pokeapi
203,girafarig,키링키,28,assurance,,level-up,heartgold-soulsilver,pokeapi
203,girafarig,키링키,32,double-hit,,level-up,heartgold-soulsilver,pokeapi
203,girafarig,키링키,37,psychic,사이코키네시스,level-up,heartgold-soulsilver,pokeapi
203,girafarig,키링키,41,zen-headbutt,,level-up,heartgold-soulsilver,pokeapi
203,girafarig,키링키,46,crunch,깨물어부수기,level-up,heartgold-soulsilver,pokeapi
204,pineco,피콘,1,protect,,level-up,heartgold-soulsilver,pokeapi
204,pineco,피콘,1,tackle,,level-up,heartgold-soulsilver,pokeapi
204,pineco,피콘,6,self-destruct,,level-up,heartgold-soulsilver,pokeapi
204,pineco,피콘,9,bug-bite,벌레먹음,level-up,heartgold-soulsilver,pokeapi
204,pineco,피콘,12,take-down,,level-up,heartgold-soulsilver,pokeapi
204,pineco,피콘,17,rapid-spin,,level-up,heartgold-soulsilver,pokeapi
204,pineco,피콘,20,bide,,level-up,heartgold-soulsilver,pokeapi
204,pineco,피콘,23,natural-gift,,level-up,heartgold-soulsilver,pokeapi
204,pineco,피콘,28,spikes,,level-up,heartgold-soulsilver,pokeapi
204,pineco,피콘,31,payback,,level-up,heartgold-soulsilver,pokeapi
204,pineco,피콘,34,explosion,대폭발,level-up,heartgold-soulsilver,pokeapi
204,pineco,피콘,39,iron-defense,철벽,level-up,heartgold-soulsilver,pokeapi
204,pineco,피콘,42,gyro-ball,,level-up,heartgold-soulsilver,pokeapi
204,pineco,피콘,45,double-edge,이판사판태클,level-up,heartgold-soulsilver,pokeapi
205,forretress,쏘콘,1,bug-bite,벌레먹음,level-up,heartgold-soulsilver,pokeapi
205,forretress,쏘콘,1,protect,,level-up,heartgold-soulsilver,pokeapi
205,forretress,쏘콘,1,self-destruct,,level-up,heartgold-soulsilver,pokeapi
205,forretress,쏘콘,1,tackle,,level-up,heartgold-soulsilver,pokeapi
205,forretress,쏘콘,1,toxic-spikes,,level-up,heartgold-soulsilver,pokeapi
205,forretress,쏘콘,6,self-destruct,,level-up,heartgold-soulsilver,pokeapi
205,forretress,쏘콘,9,bug-bite,벌레먹음,level-up,heartgold-soulsilver,pokeapi
205,forretress,쏘콘,12,take-down,,level-up,heartgold-soulsilver,pokeapi
205,forretress,쏘콘,17,rapid-spin,,level-up,heartgold-soulsilver,pokeapi
205,forretress,쏘콘,20,bide,,level-up,heartgold-soulsilver,pokeapi
205,forretress,쏘콘,23,natural-gift,,level-up,heartgold-soulsilver,pokeapi
205,forretress,쏘콘,28,spikes,,level-up,heartgold-soulsilver,pokeapi
205,forretress,쏘콘,31,mirror-shot,,level-up,heartgold-soulsilver,pokeapi
205,forretress,쏘콘,33,payback,,level-up,heartgold-soulsilver,pokeapi
205,forretress,쏘콘,38,explosion,대폭발,level-up,heartgold-soulsilver,pokeapi
205,forretress,쏘콘,45,iron-defense,철벽,level-up,heartgold-soulsilver,pokeapi
205,forretress,쏘콘,50,gyro-ball,,level-up,heartgold-soulsilver,pokeapi
205,forretress,쏘콘,55,double-edge,이판사판태클,level-up,heartgold-soulsilver,pokeapi
205,forretress,쏘콘,62,magnet-rise,,level-up,heartgold-soulsilver,pokeapi
205,forretress,쏘콘,67,zap-cannon,,level-up,heartgold-soulsilver,pokeapi
206,dunsparce,노고치,1,rage,,level-up,heartgold-soulsilver,pokeapi
206,dunsparce,노고치,5,defense-curl,,level-up,heartgold-soulsilver,pokeapi
206,dunsparce,노고치,9,yawn,,level-up,heartgold-soulsilver,pokeapi
206,dunsparce,노고치,13,glare,,level-up,heartgold-soulsilver,pokeapi
206,dunsparce,노고치,17,rollout,,level-up,heartgold-soulsilver,pokeapi
206,dunsparce,노고치,21,spite,,level-up,heartgold-soulsilver,pokeapi
206,dunsparce,노고치,25,pursuit,따라가때리기,level-up,heartgold-soulsilver,pokeapi
206,dunsparce,노고치,29,screech,싫은소리,level-up,heartgold-soulsilver,pokeapi
206,dunsparce,노고치,33,roost,,level-up,heartgold-soulsilver,pokeapi
206,dunsparce,노고치,37,take-down,,level-up,heartgold-soulsilver,pokeapi
206,dunsparce,노고치,41,ancient-power,,level-up,heartgold-soulsilver,pokeapi
206,dunsparce,노고치,45,dig,구멍파기,level-up,heartgold-soulsilver,pokeapi
206,dunsparce,노고치,49,endeavor,,level-up,heartgold-soulsilver,pokeapi
206,dunsparce,노고치,53,flail,,level-up,heartgold-soulsilver,pokeapi
207,gligar,글라이거,1,poison-sting,독침,level-up,heartgold-soulsilver,pokeapi
207,gligar,글라이거,5,sand-attack,,level-up,heartgold-soulsilver,pokeapi
207,gligar,글라이거,9,harden,방어태세,level-up,heartgold-soulsilver,pokeapi
207,gligar,글라이거,12,knock-off,,level-up,heartgold-soulsilver,pokeapi
207,gligar,글라이거,16,quick-attack,전광석화,level-up,heartgold-soulsilver,pokeapi
207,gligar,글라이거,20,fury-cutter,연속자르기,level-up,heartgold-soulsilver,pokeapi
207,gligar,글라이거,23,feint-attack,,level-up,heartgold-soulsilver,pokeapi
207,gligar,글라이거,27,screech,싫은소리,level-up,heartgold-soulsilver,pokeapi
207,gligar,글라이거,31,slash,베어가르기,level-up,heartgold-soulsilver,pokeapi
207,gligar,글라이거,34,swords-dance,칼춤,level-up,heartgold-soulsilver,pokeapi
207,gligar,글라이거,38,u-turn,,level-up,heartgold-soulsilver,pokeapi
207,gligar,글라이거,42,x-scissor,시저크로스,level-up,heartgold-soulsilver,pokeapi
207,gligar,글라이거,45,guillotine,,level-up,heartgold-soulsilver,pokeapi
208,steelix,강철톤,1,bind,,level-up,heartgold-soulsilver,pokeapi
208,steelix,강철톤,1,fire-fang,,level-up,heartgold-soulsilver,pokeapi
208,steelix,강철톤,1,harden,방어태세,level-up,heartgold-soulsilver,pokeapi
208,steelix,강철톤,1,ice-fang,,level-up,heartgold-soulsilver,pokeapi
208,steelix,강철톤,1,mud-sport,,level-up,heartgold-soulsilver,pokeapi
208,steelix,강철톤,1,tackle,,level-up,heartgold-soulsilver,pokeapi
208,steelix,강철톤,1,thunder-fang,,level-up,heartgold-soulsilver,pokeapi
208,steelix,강철톤,6,screech,싫은소리,level-up,heartgold-soulsilver,pokeapi
208,steelix,강철톤,9,rock-throw,,level-up,heartgold-soulsilver,pokeapi
208,steelix,강철톤,14,rage,,level-up,heartgold-soulsilver,pokeapi
208,steelix,강철톤,17,rock-tomb,암석봉인,level-up,heartgold-soulsilver,pokeapi
208,steelix,강철톤,22,sandstorm,,level-up,heartgold-soulsilver,pokeapi
208,steelix,강철톤,25,slam,,level-up,heartgold-soulsilver,pokeapi
208,steelix,강철톤,30,rock-polish,,level-up,heartgold-soulsilver,pokeapi
208,steelix,강철톤,33,dragon-breath,용의숨결,level-up,heartgold-soulsilver,pokeapi
208,steelix,강철톤,38,curse,,level-up,heartgold-soulsilver,pokeapi
208,steelix,강철톤,41,iron-tail,아이언테일,level-up,heartgold-soulsilver,pokeapi
208,steelix,강철톤,46,crunch,깨물어부수기,level-up,heartgold-soulsilver,pokeapi
208,steelix,강철톤,49,double-edge,이판사판태클,level-up,heartgold-soulsilver,pokeapi
208,steelix,강철톤,54,stone-edge,스톤샤워,level-up,heartgold-soulsilver,pokeapi
209,snubbull,블루,1,charm,애교부리기,level-up,heartgold-soulsilver,pokeapi
209,snubbull,블루,1,fire-fang,,level-up,heartgold-soulsilver,pokeapi
209,snubbull,블루,1,ice-fang,,level-up,heartgold-soulsilver,pokeapi
209,snubbull,블루,1,scary-face,겁나는얼굴,level-up,heartgold-soulsilver,pokeapi
209,snubbull,블루,1,tackle,,level-up,heartgold-soulsilver,pokeapi
209,snubbull,블루,1,tail-whip,꼬리흔들기,level-up,heartgold-soulsilver,pokeapi
209,snubbull,블루,1,thunder-fang,,level-up,heartgold-soulsilver,pokeapi
209,snubbull,블루,7,bite,물기,level-up,heartgold-soulsilver,pokeapi
209,snubbull,블루,13,lick,핥기,level-up,heartgold-soulsilver,pokeapi
209,snubbull,블루,19,headbutt,,level-up,heartgold-soulsilver,pokeapi
209,snubbull,블루,25,roar,,level-up,heartgold-soulsilver,pokeapi
209,snubbull,블루,31,rage,,level-up,heartgold-soulsilver,pokeapi
209,snubbull,블루,37,take-down,,level-up,heartgold-soulsilver,pokeapi
209,snubbull,블루,43,payback,,level-up,heartgold-soulsilver,pokeapi
209,snubbull,블루,49,crunch,깨물어부수기,level-up,heartgold-soulsilver,pokeapi
210,granbull,그랑블루,1,charm,애교부리기,level-up,heartgold-soulsilver,pokeapi
210,granbull,그랑블루,1,fire-fang,,level-up,heartgold-soulsilver,pokeapi
210,granbull,그랑블루,1,ice-fang,,level-up,heartgold-soulsilver,pokeapi
210,granbull,그랑블루,1,scary-face,겁나는얼굴,level-up,heartgold-soulsilver,pokeapi
210,granbull,그랑블루,1,tackle,,level-up,heartgold-soulsilver,pokeapi
210,granbull,그랑블루,1,tail-whip,꼬리흔들기,level-up,heartgold-soulsilver,pokeapi
210,granbull,그랑블루,1,thunder-fang,,level-up,heartgold-soulsilver,pokeapi
210,granbull,그랑블루,7,bite,물기,level-up,heartgold-soulsilver,pokeapi
210,granbull,그랑블루,13,lick,핥기,level-up,heartgold-soulsilver,pokeapi
210,granbull,그랑블루,19,headbutt,,level-up,heartgold-soulsilver,pokeapi
210,granbull,그랑블루,27,roar,,level-up,heartgold-soulsilver,pokeapi
210,granbull,그랑블루,35,rage,,level-up,heartgold-soulsilver,pokeapi
210,granbull,그랑블루,43,take-down,,level-up,heartgold-soulsilver,pokeapi
210,granbull,그랑블루,51,payback,,level-up,heartgold-soulsilver,pokeapi
210,granbull,그랑블루,59,crunch,깨물어부수기,level-up,heartgold-soulsilver,pokeapi
211,qwilfish,침바루,1,poison-sting,독침,level-up,heartgold-soulsilver,pokeapi
211,qwilfish,침바루,1,spikes,,level-up,heartgold-soulsilver,pokeapi
211,qwilfish,침바루,1,tackle,,level-up,heartgold-soulsilver,pokeapi
211,qwilfish,침바루,9,harden,방어태세,level-up,heartgold-soulsilver,pokeapi
211,qwilfish,침바루,9,minimize,,level-up,heartgold-soulsilver,pokeapi
211,qwilfish,침바루,13,water-gun,,level-up,heartgold-soulsilver,pokeapi
211,qwilfish,침바루,17,rollout,,level-up,heartgold-soulsilver,pokeapi
211,qwilfish,침바루,21,toxic-spikes,,level-up,heartgold-soulsilver,pokeapi
211,qwilfish,침바루,25,spit-up,,level-up,heartgold-soulsilver,pokeapi
211,qwilfish,침바루,25,stockpile,,level-up,heartgold-soulsilver,pokeapi
211,qwilfish,침바루,29,revenge,,level-up,heartgold-soulsilver,pokeapi
211,qwilfish,침바루,33,brine,,level-up,heartgold-soulsilver,pokeapi
211,qwilfish,침바루,37,pin-missile,바늘미사일,level-up,heartgold-soulsilver,pokeapi
211,qwilfish,침바루,41,take-down,,level-up,heartgold-soulsilver,pokeapi
211,qwilfish,침바루,45,aqua-tail,아쿠아테일,level-up,heartgold-soulsilver,pokeapi
211,qwilfish,침바루,49,poison-jab,독찌르기,level-up,heartgold-soulsilver,pokeapi
211,qwilfish,침바루,53,destiny-bond,,level-up,heartgold-soulsilver,pokeapi
211,qwilfish,침바루,57,hydro-pump,하이드로펌프,level-up,heartgold-soulsilver,pokeapi
212,scizor,핫삼,1,bullet-punch,불릿펀치,level-up,heartgold-soulsilver,pokeapi
212,scizor,핫삼,1,leer,,level-up,heartgold-soulsilver,pokeapi
212,scizor,핫삼,1,quick-attack,전광석화,level-up,heartgold-soulsilver,pokeapi
212,scizor,핫삼,5,focus-energy,,level-up,heartgold-soulsilver,pokeapi
212,scizor,핫삼,9,pursuit,따라가때리기,level-up,heartgold-soulsilver,pokeapi
212,scizor,핫삼,13,false-swipe,,level-up,heartgold-soulsilver,pokeapi
212,scizor,핫삼,17,agility,고속이동,level-up,heartgold-soulsilver,pokeapi
212,scizor,핫삼,21,metal-claw,메탈클로,level-up,heartgold-soulsilver,pokeapi
212,scizor,핫삼,25,fury-cutter,연속자르기,level-up,heartgold-soulsilver,pokeapi
212,scizor,핫삼,29,slash,베어가르기,level-up,heartgold-soulsilver,pokeapi
212,scizor,핫삼,33,razor-wind,,level-up,heartgold-soulsilver,pokeapi
212,scizor,핫삼,37,iron-defense,철벽,level-up,heartgold-soulsilver,pokeapi
212,scizor,핫삼,41,x-scissor,시저크로스,level-up,heartgold-soulsilver,pokeapi
212,scizor,핫삼,45,night-slash,깜짝베기,level-up,heartgold-soulsilver,pokeapi
212,scizor,핫삼,49,double-hit,,level-up,heartgold-soulsilver,pokeapi
212,scizor,핫삼,53,iron-head,아이언헤드,level-up,heartgold-soulsilver,pokeapi
212,scizor,핫삼,57,swords-dance,칼춤,level-up,heartgold-soulsilver,pokeapi
212,scizor,핫삼,61,feint,,level-up,heartgold-soulsilver,pokeapi
213,shuckle,단단지,1,bide,,level-up,heartgold-soulsilver,pokeapi
213,shuckle,단단지,1,constrict,,level-up,heartgold-soulsilver,pokeapi
213,shuckle,단단지,1,withdraw,,level-up,heartgold-soulsilver,pokeapi
213,shuckle,단단지,9,encore,,level-up,heartgold-soulsilver,pokeapi
213,shuckle,단단지,14,safeguard,,level-up,heartgold-soulsilver,pokeapi
213,shuckle,단단지,22,wrap,,level-up,heartgold-soulsilver,pokeapi
213,shuckle,단단지,27,rest,잠자기,level-up,heartgold-soulsilver,pokeapi
213,shuckle,단단지,35,gastro-acid,,level-up,heartgold-soulsilver,pokeapi
213,shuckle,단단지,40,bug-bite,벌레먹음,level-up,heartgold-soulsilver,pokeapi
213,shuckle,단단지,48,power-trick,,level-up,heartgold-soulsilver,pokeapi
214,heracross,헤라크로스,1,endure,,level-up,heartgold-soulsilver,pokeapi
214,heracross,헤라크로스,1,horn-attack,,level-up,heartgold-soulsilver,pokeapi
214,heracross,헤라크로스,1,leer,,level-up,heartgold-soulsilver,pokeapi
214,heracross,헤라크로스,1,night-slash,깜짝베기,level-up,heartgold-soulsilver,pokeapi
214,heracross,헤라크로스,1,tackle,,level-up,heartgold-soulsilver,pokeapi
214,heracross,헤라크로스,7,fury-attack,,level-up,heartgold-soulsilver,pokeapi
214,heracross,헤라크로스,13,aerial-ace,제비반환,level-up,heartgold-soulsilver,pokeapi
214,heracross,헤라크로스,19,brick-break,깨트리기,level-up,heartgold-soulsilver,pokeapi
214,heracross,헤라크로스,25,counter,,level-up,heartgold-soulsilver,pokeapi
214,heracross,헤라크로스,31,take-down,,level-up,heartgold-soulsilver,pokeapi
214,heracross,헤라크로스,37,close-combat,인파이트,level-up,heartgold-soulsilver,pokeapi
214,heracross,헤라크로스,43,reversal,,level-up,heartgold-soulsilver,pokeapi
214,heracross,헤라크로스,49,feint,,level-up,heartgold-soulsilver,pokeapi
214,heracross,헤라크로스,55,megahorn,,level-up,heartgold-soulsilver,pokeapi
215,sneasel,포푸니,1,leer,,level-up,heartgold-soulsilver,pokeapi
215,sneasel,포푸니,1,scratch,,level-up,heartgold-soulsilver,pokeapi
215,sneasel,포푸니,1,taunt,,level-up,heartgold-soulsilver,pokeapi
215,sneasel,포푸니,8,quick-attack,전광석화,level-up,heartgold-soulsilver,pokeapi
215,sneasel,포푸니,10,screech,싫은소리,level-up,heartgold-soulsilver,pokeapi
215,sneasel,포푸니,14,feint-attack,,level-up,heartgold-soulsilver,pokeapi
215,sneasel,포푸니,21,fury-swipes,,level-up,heartgold-soulsilver,pokeapi
215,sneasel,포푸니,24,agility,고속이동,level-up,heartgold-soulsilver,pokeapi
215,sneasel,포푸니,28,icy-wind,,level-up,heartgold-soulsilver,pokeapi
215,sneasel,포푸니,35,slash,베어가르기,level-up,heartgold-soulsilver,pokeapi
215,sneasel,포푸니,38,beat-up,,level-up,heartgold-soulsilver,pokeapi
215,sneasel,포푸니,42,metal-claw,메탈클로,level-up,heartgold-soulsilver,pokeapi
215,sneasel,포푸니,49,ice-shard,얼음뭉치,level-up,heartgold-soulsilver,pokeapi
216,teddiursa,깜지곰,1,covet,,level-up,heartgold-soulsilver,pokeapi
216,teddiursa,깜지곰,1,fake-tears,,level-up,heartgold-soulsilver,pokeapi
216,teddiursa,깜지곰,1,leer,,level-up,heartgold-soulsilver,pokeapi
216,teddiursa,깜지곰,1,lick,핥기,level-up,heartgold-soulsilver,pokeapi
216,teddiursa,깜지곰,1,scratch,,level-up,heartgold-soulsilver,pokeapi
216,teddiursa,깜지곰,8,fury-swipes,,level-up,heartgold-soulsilver,pokeapi
216,teddiursa,깜지곰,15,feint-attack,,level-up,heartgold-soulsilver,pokeapi
216,teddiursa,깜지곰,22,sweet-scent,,level-up,heartgold-soulsilver,pokeapi
216,teddiursa,깜지곰,29,slash,베어가르기,level-up,heartgold-soulsilver,pokeapi
216,teddiursa,깜지곰,36,charm,애교부리기,level-up,heartgold-soulsilver,pokeapi
216,teddiursa,깜지곰,43,rest,잠자기,level-up,heartgold-soulsilver,pokeapi
216,teddiursa,깜지곰,43,snore,,level-up,heartgold-soulsilver,pokeapi
216,teddiursa,깜지곰,50,thrash,,level-up,heartgold-soulsilver,pokeapi
216,teddiursa,깜지곰,57,fling,,level-up,heartgold-soulsilver,pokeapi
217,ursaring,링곰,1,covet,,level-up,heartgold-soulsilver,pokeapi
217,ursaring,링곰,1,fake-tears,,level-up,heartgold-soulsilver,pokeapi
217,ursaring,링곰,1,leer,,level-up,heartgold-soulsilver,pokeapi
217,ursaring,링곰,1,lick,핥기,level-up,heartgold-soulsilver,pokeapi
217,ursaring,링곰,1,scratch,,level-up,heartgold-soulsilver,pokeapi
217,ursaring,링곰,8,fury-swipes,,level-up,heartgold-soulsilver,pokeapi
217,ursaring,링곰,15,feint-attack,,level-up,heartgold-soulsilver,pokeapi
217,ursaring,링곰,22,sweet-scent,,level-up,heartgold-soulsilver,pokeapi
217,ursaring,링곰,29,slash,베어가르기,level-up,heartgold-soulsilver,pokeapi
217,ursaring,링곰,38,scary-face,겁나는얼굴,level-up,heartgold-soulsilver,pokeapi
217,ursaring,링곰,47,rest,잠자기,level-up,heartgold-soulsilver,pokeapi
217,ursaring,링곰,49,snore,,level-up,heartgold-soulsilver,pokeapi
217,ursaring,링곰,58,thrash,,level-up,heartgold-soulsilver,pokeapi
217,ursaring,링곰,67,hammer-arm,,level-up,heartgold-soulsilver,pokeapi
218,slugma,마그마그,1,smog,,level-up,heartgold-soulsilver,pokeapi
218,slugma,마그마그,1,yawn,,level-up,heartgold-soulsilver,pokeapi
218,slugma,마그마그,8,ember,작은불꽃,level-up,heartgold-soulsilver,pokeapi
218,slugma,마그마그,11,rock-throw,,level-up,heartgold-soulsilver,pokeapi
218,slugma,마그마그,16,harden,방어태세,level-up,heartgold-soulsilver,pokeapi
218,slugma,마그마그,23,recover,HP회복,level-up,heartgold-soulsilver,pokeapi
218,slugma,마그마그,26,ancient-power,,level-up,heartgold-soulsilver,pokeapi
218,slugma,마그마그,31,amnesia,,level-up,heartgold-soulsilver,pokeapi
218,slugma,마그마그,38,lava-plume,,level-up,heartgold-soulsilver,pokeapi
218,slugma,마그마그,41,rock-slide,록슬라이드,level-up,heartgold-soulsilver,pokeapi
218,slugma,마그마그,46,body-slam,누르기,level-up,heartgold-soulsilver,pokeapi
218,slugma,마그마그,53,flamethrower,화염방사,level-up,heartgold-soulsilver,pokeapi
218,slugma,마그마그,56,earth-power,,level-up,heartgold-soulsilver,pokeapi
219,magcargo,마그카르고,1,ember,작은불꽃,level-up,heartgold-soulsilver,pokeapi
219,magcargo,마그카르고,1,rock-throw,,level-up,heartgold-soulsilver,pokeapi
219,magcargo,마그카르고,1,smog,,level-up,heartgold-soulsilver,pokeapi
219,magcargo,마그카르고,1,yawn,,level-up,heartgold-soulsilver,pokeapi
219,magcargo,마그카르고,8,ember,작은불꽃,level-up,heartgold-soulsilver,pokeapi
219,magcargo,마그카르고,11,rock-throw,,level-up,heartgold-soulsilver,pokeapi
219,magcargo,마그카르고,16,harden,방어태세,level-up,heartgold-soulsilver,pokeapi
219,magcargo,마그카르고,23,recover,HP회복,level-up,heartgold-soulsilver,pokeapi
219,magcargo,마그카르고,26,ancient-power,,level-up,heartgold-soulsilver,pokeapi
219,magcargo,마그카르고,31,amnesia,,level-up,heartgold-soulsilver,pokeapi
219,magcargo,마그카르고,40,lava-plume,,level-up,heartgold-soulsilver,pokeapi
219,magcargo,마그카르고,45,rock-slide,록슬라이드,level-up,heartgold-soulsilver,pokeapi
219,magcargo,마그카르고,52,body-slam,누르기,level-up,heartgold-soulsilver,pokeapi
219,magcargo,마그카르고,61,flamethrower,화염방사,level-up,heartgold-soulsilver,pokeapi
219,magcargo,마그카르고,66,earth-power,,level-up,heartgold-soulsilver,pokeapi
220,swinub,꾸꾸리,1,odor-sleuth,,level-up,heartgold-soulsilver,pokeapi
220,swinub,꾸꾸리,1,tackle,,level-up,heartgold-soulsilver,pokeapi
220,swinub,꾸꾸리,4,mud-sport,,level-up,heartgold-soulsilver,pokeapi
220,swinub,꾸꾸리,8,powder-snow,눈싸라기,level-up,heartgold-soulsilver,pokeapi
220,swinub,꾸꾸리,13,mud-slap,진흙뿌리기,level-up,heartgold-soulsilver,pokeapi
220,swinub,꾸꾸리,16,endure,,level-up,heartgold-soulsilver,pokeapi
220,swinub,꾸꾸리,20,mud-bomb,진흙폭탄,level-up,heartgold-soulsilver,pokeapi
220,swinub,꾸꾸리,25,icy-wind,,level-up,heartgold-soulsilver,pokeapi
220,swinub,꾸꾸리,28,ice-shard,얼음뭉치,level-up,heartgold-soulsilver,pokeapi
220,swinub,꾸꾸리,32,take-down,,level-up,heartgold-soulsilver,pokeapi
220,swinub,꾸꾸리,37,earthquake,지진,level-up,heartgold-soulsilver,pokeapi
220,swinub,꾸꾸리,40,mist,,level-up,heartgold-soulsilver,pokeapi
220,swinub,꾸꾸리,44,blizzard,,level-up,heartgold-soulsilver,pokeapi
220,swinub,꾸꾸리,49,amnesia,,level-up,heartgold-soulsilver,pokeapi
221,piloswine,메꾸리,1,ancient-power,,level-up,heartgold-soulsilver,pokeapi
221,piloswine,메꾸리,1,mud-sport,,level-up,heartgold-soulsilver,pokeapi
221,piloswine,메꾸리,1,odor-sleuth,,level-up,heartgold-soulsilver,pokeapi
221,piloswine,메꾸리,1,peck,쪼기,level-up,heartgold-soulsilver,pokeapi
221,piloswine,메꾸리,1,powder-snow,눈싸라기,level-up,heartgold-soulsilver,pokeapi
221,piloswine,메꾸리,4,mud-sport,,level-up,heartgold-soulsilver,pokeapi
221,piloswine,메꾸리,8,powder-snow,눈싸라기,level-up,heartgold-soulsilver,pokeapi
221,piloswine,메꾸리,13,mud-slap,진흙뿌리기,level-up,heartgold-soulsilver,pokeapi
221,piloswine,메꾸리,16,endure,,level-up,heartgold-soulsilver,pokeapi
221,piloswine,메꾸리,20,mud-bomb,진흙폭탄,level-up,heartgold-soulsilver,pokeapi
221,piloswine,메꾸리,25,icy-wind,,level-up,heartgold-soulsilver,pokeapi
221,piloswine,메꾸리,28,ice-fang,,level-up,heartgold-soulsilver,pokeapi
221,piloswine,메꾸리,32,take-down,,level-up,heartgold-soulsilver,pokeapi
221,piloswine,메꾸리,33,fury-attack,,level-up,heartgold-soulsilver,pokeapi
221,piloswine,메꾸리,40,earthquake,지진,level-up,heartgold-soulsilver,pokeapi
221,piloswine,메꾸리,48,mist,,level-up,heartgold-soulsilver,pokeapi
221,piloswine,메꾸리,56,blizzard,,level-up,heartgold-soulsilver,pokeapi
221,piloswine,메꾸리,65,amnesia,,level-up,heartgold-soulsilver,pokeapi
222,corsola,코산호,1,tackle,,level-up,heartgold-soulsilver,pokeapi
222,corsola,코산호,4,harden,방어태세,level-up,heartgold-soulsilver,pokeapi
222,corsola,코산호,8,bubble,거품,level-up,heartgold-soulsilver,pokeapi
222,corsola,코산호,13,recover,HP회복,level-up,heartgold-soulsilver,pokeapi
222,corsola,코산호,16,refresh,,level-up,heartgold-soulsilver,pokeapi
222,corsola,코산호,20,rock-blast,락블라스트,level-up,heartgold-soulsilver,pokeapi
222,corsola,코산호,25,bubble-beam,,level-up,heartgold-soulsilver,pokeapi
222,corsola,코산호,28,lucky-chant,,level-up,heartgold-soulsilver,pokeapi
222,corsola,코산호,32,ancient-power,,level-up,heartgold-soulsilver,pokeapi
222,corsola,코산호,37,aqua-ring,,level-up,heartgold-soulsilver,pokeapi
222,corsola,코산호,40,spike-cannon,,level-up,heartgold-soulsilver,pokeapi
222,corsola,코산호,44,power-gem,,level-up,heartgold-soulsilver,pokeapi
222,corsola,코산호,48,mirror-coat,,level-up,heartgold-soulsilver,pokeapi
222,corsola,코산호,53,earth-power,,level-up,heartgold-soulsilver,pokeapi
223,remoraid,총어,1,water-gun,,level-up,heartgold-soulsilver,pokeapi
223,remoraid,총어,6,lock-on,,level-up,heartgold-soulsilver,pokeapi
223,remoraid,총어,10,psybeam,,level-up,heartgold-soulsilver,pokeapi
223,remoraid,총어,14,aurora-beam,,level-up,heartgold-soulsilver,pokeapi
223,remoraid,총어,19,bubble-beam,,level-up,heartgold-soulsilver,pokeapi
223,remoraid,총어,23,focus-energy,,level-up,heartgold-soulsilver,pokeapi
223,remoraid,총어,27,bullet-seed,씨기관총,level-up,heartgold-soulsilver,pokeapi
223,remoraid,총어,32,water-pulse,물의파동,level-up,heartgold-soulsilver,pokeapi
223,remoraid,총어,36,signal-beam,,level-up,heartgold-soulsilver,pokeapi
223,remoraid,총어,40,ice-beam,냉동빔,level-up,heartgold-soulsilver,pokeapi
223,remoraid,총어,45,hyper-beam,파괴광선,level-up,heartgold-soulsilver,pokeapi
224,octillery,대포무노,1,aurora-beam,,level-up,heartgold-soulsilver,pokeapi
224,octillery,대포무노,1,constrict,,level-up,heartgold-soulsilver,pokeapi
224,octillery,대포무노,1,gunk-shot,,level-up,heartgold-soulsilver,pokeapi
224,octillery,대포무노,1,psybeam,,level-up,heartgold-soulsilver,pokeapi
224,octillery,대포무노,1,rock-blast,락블라스트,level-up,heartgold-soulsilver,pokeapi
224,octillery,대포무노,1,water-gun,,level-up,heartgold-soulsilver,pokeapi
224,octillery,대포무노,6,constrict,,level-up,heartgold-soulsilver,pokeapi
224,octillery,대포무노,10,psybeam,,level-up,heartgold-soulsilver,pokeapi
224,octillery,대포무노,14,aurora-beam,,level-up,heartgold-soulsilver,pokeapi
224,octillery,대포무노,19,bubble-beam,,level-up,heartgold-soulsilver,pokeapi
224,octillery,대포무노,23,focus-energy,,level-up,heartgold-soulsilver,pokeapi
224,octillery,대포무노,25,octazooka,,level-up,heartgold-soulsilver,pokeapi
224,octillery,대포무노,29,bullet-seed,씨기관총,level-up,heartgold-soulsilver,pokeapi
224,octillery,대포무노,36,wring-out,,level-up,heartgold-soulsilver,pokeapi
224,octillery,대포무노,42,signal-beam,,level-up,heartgold-soulsilver,pokeapi
224,octillery,대포무노,48,ice-beam,냉동빔,level-up,heartgold-soulsilver,pokeapi
224,octillery,대포무노,55,hyper-beam,파괴광선,level-up,heartgold-soulsilver,pokeapi
225,delibird,딜리버드,1,present,,level-up,heartgold-soulsilver,pokeapi
226,mantine,만타인,1,bubble,거품,level-up,heartgold-soulsilver,pokeapi
226,mantine,만타인,1,bubble-beam,,level-up,heartgold-soulsilver,pokeapi
226,mantine,만타인,1,bullet-seed,씨기관총,level-up,heartgold-soulsilver,pokeapi
226,mantine,만타인,1,psybeam,,level-up,heartgold-soulsilver,pokeapi
226,mantine,만타인,1,signal-beam,,level-up,heartgold-soulsilver,pokeapi
226,mantine,만타인,1,supersonic,,level-up,heartgold-soulsilver,pokeapi
226,mantine,만타인,1,tackle,,level-up,heartgold-soulsilver,pokeapi
226,mantine,만타인,4,supersonic,,level-up,heartgold-soulsilver,pokeapi
226,mantine,만타인,10,bubble-beam,,level-up,heartgold-soulsilver,pokeapi
226,mantine,만타인,13,headbutt,,level-up,heartgold-soulsilver,pokeapi
226,mantine,만타인,19,agility,고속이동,level-up,heartgold-soulsilver,pokeapi
226,mantine,만타인,22,wing-attack,날개치기,level-up,heartgold-soulsilver,pokeapi
226,mantine,만타인,28,water-pulse,물의파동,level-up,heartgold-soulsilver,pokeapi
226,mantine,만타인,31,take-down,,level-up,heartgold-soulsilver,pokeapi
226,mantine,만타인,37,confuse-ray,,level-up,heartgold-soulsilver,pokeapi
226,mantine,만타인,40,bounce,,level-up,heartgold-soulsilver,pokeapi
226,mantine,만타인,46,aqua-ring,,level-up,heartgold-soulsilver,pokeapi
226,mantine,만타인,49,hydro-pump,하이드로펌프,level-up,heartgold-soulsilver,pokeapi
227,skarmory,무장조,1,leer,,level-up,heartgold-soulsilver,pokeapi
227,skarmory,무장조,1,peck,쪼기,level-up,heartgold-soulsilver,pokeapi
227,skarmory,무장조,6,sand-attack,,level-up,heartgold-soulsilver,pokeapi
227,skarmory,무장조,9,swift,스피드스타,level-up,heartgold-soulsilver,pokeapi
227,skarmory,무장조,12,agility,고속이동,level-up,heartgold-soulsilver,pokeapi
227,skarmory,무장조,17,fury-attack,,level-up,heartgold-soulsilver,pokeapi
227,skarmory,무장조,20,feint,,level-up,heartgold-soulsilver,pokeapi
227,skarmory,무장조,23,air-cutter,,level-up,heartgold-soulsilver,pokeapi
227,skarmory,무장조,28,spikes,,level-up,heartgold-soulsilver,pokeapi
227,skarmory,무장조,31,metal-sound,금속음,level-up,heartgold-soulsilver,pokeapi
227,skarmory,무장조,34,steel-wing,강철날개,level-up,heartgold-soulsilver,pokeapi
227,skarmory,무장조,39,air-slash,에어슬래시,level-up,heartgold-soulsilver,pokeapi
227,skarmory,무장조,42,slash,베어가르기,level-up,heartgold-soulsilver,pokeapi
227,skarmory,무장조,45,night-slash,깜짝베기,level-up,heartgold-soulsilver,pokeapi
228,houndour,델빌,1,ember,작은불꽃,level-up,heartgold-soulsilver,pokeapi
228,houndour,델빌,1,leer,,level-up,heartgold-soulsilver,pokeapi
228,houndour,델빌,4,howl,,level-up,heartgold-soulsilver,pokeapi
228,houndour,델빌,9,smog,,level-up,heartgold-soulsilver,pokeapi
228,houndour,델빌,14,roar,,level-up,heartgold-soulsilver,pokeapi
228,houndour,델빌,17,bite,물기,level-up,heartgold-soulsilver,pokeapi
228,houndour,델빌,22,odor-sleuth,,level-up,heartgold-soulsilver,pokeapi
228,houndour,델빌,27,beat-up,,level-up,heartgold-soulsilver,pokeapi
228,houndour,델빌,30,fire-fang,,level-up,heartgold-soulsilver,pokeapi
228,houndour,델빌,35,feint-attack,,level-up,heartgold-soulsilver,pokeapi
228,houndour,델빌,40,embargo,,level-up,heartgold-soulsilver,pokeapi
228,houndour,델빌,43,flamethrower,화염방사,level-up,heartgold-soulsilver,pokeapi
228,houndour,델빌,48,crunch,깨물어부수기,level-up,heartgold-soulsilver,pokeapi
228,houndour,델빌,53,nasty-plot,나쁜음모,level-up,heartgold-soulsilver,pokeapi
229,houndoom,헬가,1,ember,작은불꽃,level-up,heartgold-soulsilver,pokeapi
229,houndoom,헬가,1,howl,,level-up,heartgold-soulsilver,pokeapi
229,houndoom,헬가,1,leer,,level-up,heartgold-soulsilver,pokeapi
229,houndoom,헬가,1,smog,,level-up,heartgold-soulsilver,pokeapi
229,houndoom,헬가,1,thunder-fang,,level-up,heartgold-soulsilver,pokeapi
229,houndoom,헬가,4,howl,,level-up,heartgold-soulsilver,pokeapi
229,houndoom,헬가,9,smog,,level-up,heartgold-soulsilver,pokeapi
229,houndoom,헬가,14,roar,,level-up,heartgold-soulsilver,pokeapi
229,houndoom,헬가,17,bite,물기,level-up,heartgold-soulsilver,pokeapi
229,houndoom,헬가,22,odor-sleuth,,level-up,heartgold-soulsilver,pokeapi
229,houndoom,헬가,28,beat-up,,level-up,heartgold-soulsilver,pokeapi
229,houndoom,헬가,32,fire-fang,,level-up,heartgold-soulsilver,pokeapi
229,houndoom,헬가,38,feint-attack,,level-up,heartgold-soulsilver,pokeapi
229,houndoom,헬가,44,embargo,,level-up,heartgold-soulsilver,pokeapi
229,houndoom,헬가,48,flamethrower,화염방사,level-up,heartgold-soulsilver,pokeapi
229,houndoom,헬가,54,crunch,깨물어부수기,level-up,heartgold-soulsilver,pokeapi
229,houndoom,헬가,60,nasty-plot,나쁜음모,level-up,heartgold-soulsilver,pokeapi
230,kingdra,킹드라,1,bubble,거품,level-up,heartgold-soulsilver,pokeapi
230,kingdra,킹드라,1,leer,,level-up,heartgold-soulsilver,pokeapi
230,kingdra,킹드라,1,smokescreen,연막,level-up,heartgold-soulsilver,pokeapi
230,kingdra,킹드라,1,water-gun,,level-up,heartgold-soulsilver,pokeapi
230,kingdra,킹드라,1,yawn,,level-up,heartgold-soulsilver,pokeapi
230,kingdra,킹드라,4,smokescreen,연막,level-up,heartgold-soulsilver,pokeapi
230,kingdra,킹드라,8,leer,,level-up,heartgold-soulsilver,pokeapi
230,kingdra,킹드라,11,water-gun,,level-up,heartgold-soulsilver,pokeapi
230,kingdra,킹드라,14,focus-energy,,level-up,heartgold-soulsilver,pokeapi
230,kingdra,킹드라,18,bubble-beam,,level-up,heartgold-soulsilver,pokeapi
230,kingdra,킹드라,23,agility,고속이동,level-up,heartgold-soulsilver,pokeapi
230,kingdra,킹드라,26,twister,회오리,level-up,heartgold-soulsilver,pokeapi
230,kingdra,킹드라,30,brine,,level-up,heartgold-soulsilver,pokeapi
230,kingdra,킹드라,40,hydro-pump,하이드로펌프,level-up,heartgold-soulsilver,pokeapi
230,kingdra,킹드라,48,dragon-dance,용의춤,level-up,heartgold-soulsilver,pokeapi
230,kingdra,킹드라,57,dragon-pulse,용의파동,level-up,heartgold-soulsilver,pokeapi
231,phanpy,코코리,1,defense-curl,,level-up,heartgold-soulsilver,pokeapi
231,phanpy,코코리,1,growl,,level-up,heartgold-soulsilver,pokeapi
231,phanpy,코코리,1,odor-sleuth,,level-up,heartgold-soulsilver,pokeapi
231,phanpy,코코리,1,tackle,,level-up,heartgold-soulsilver,pokeapi
231,phanpy,코코리,6,flail,,level-up,heartgold-soulsilver,pokeapi
231,phanpy,코코리,10,take-down,,level-up,heartgold-soulsilver,pokeapi
231,phanpy,코코리,15,rollout,,level-up,heartgold-soulsilver,pokeapi
231,phanpy,코코리,19,natural-gift,,level-up,heartgold-soulsilver,pokeapi
231,phanpy,코코리,24,slam,,level-up,heartgold-soulsilver,pokeapi
231,phanpy,코코리,28,endure,,level-up,heartgold-soulsilver,pokeapi
231,phanpy,코코리,33,charm,애교부리기,level-up,heartgold-soulsilver,pokeapi
231,phanpy,코코리,37,last-resort,,level-up,heartgold-soulsilver,pokeapi
231,phanpy,코코리,42,double-edge,이판사판태클,level-up,heartgold-soulsilver,pokeapi
232,donphan,코리갑,1,defense-curl,,level-up,heartgold-soulsilver,pokeapi
232,donphan,코리갑,1,fire-fang,,level-up,heartgold-soulsilver,pokeapi
232,donphan,코리갑,1,flail,,level-up,heartgold-soulsilver,pokeapi
232,donphan,코리갑,1,growl,,level-up,heartgold-soulsilver,pokeapi
232,donphan,코리갑,1,horn-attack,,level-up,heartgold-soulsilver,pokeapi
232,donphan,코리갑,1,thunder-fang,,level-up,heartgold-soulsilver,pokeapi
232,donphan,코리갑,6,rapid-spin,,level-up,heartgold-soulsilver,pokeapi
232,donphan,코리갑,10,knock-off,,level-up,heartgold-soulsilver,pokeapi
232,donphan,코리갑,15,rollout,,level-up,heartgold-soulsilver,pokeapi
232,donphan,코리갑,19,magnitude,,level-up,heartgold-soulsilver,pokeapi
232,donphan,코리갑,24,slam,,level-up,heartgold-soulsilver,pokeapi
232,donphan,코리갑,25,fury-attack,,level-up,heartgold-soulsilver,pokeapi
232,donphan,코리갑,31,assurance,,level-up,heartgold-soulsilver,pokeapi
232,donphan,코리갑,39,scary-face,겁나는얼굴,level-up,heartgold-soulsilver,pokeapi
232,donphan,코리갑,46,earthquake,지진,level-up,heartgold-soulsilver,pokeapi
232,donphan,코리갑,54,giga-impact,,level-up,heartgold-soulsilver,pokeapi
233,porygon2,폴리곤2,1,conversion,,level-up,heartgold-soulsilver,pokeapi
233,porygon2,폴리곤2,1,conversion-2,,level-up,heartgold-soulsilver,pokeapi
233,porygon2,폴리곤2,1,defense-curl,,level-up,heartgold-soulsilver,pokeapi
233,porygon2,폴리곤2,1,tackle,,level-up,heartgold-soulsilver,pokeapi
233,porygon2,폴리곤2,7,psybeam,,level-up,heartgold-soulsilver,pokeapi
233,porygon2,폴리곤2,12,agility,고속이동,level-up,heartgold-soulsilver,pokeapi
233,porygon2,폴리곤2,18,recover,HP회복,level-up,heartgold-soulsilver,pokeapi
233,porygon2,폴리곤2,23,magnet-rise,,level-up,heartgold-soulsilver,pokeapi
233,porygon2,폴리곤2,29,signal-beam,,level-up,heartgold-soulsilver,pokeapi
233,porygon2,폴리곤2,34,recycle,,level-up,heartgold-soulsilver,pokeapi
233,porygon2,폴리곤2,40,discharge,,level-up,heartgold-soulsilver,pokeapi
233,porygon2,폴리곤2,45,lock-on,,level-up,heartgold-soulsilver,pokeapi
233,porygon2,폴리곤2,51,tri-attack,,level-up,heartgold-soulsilver,pokeapi
233,porygon2,폴리곤2,56,magic-coat,,level-up,heartgold-soulsilver,pokeapi
233,porygon2,폴리곤2,62,zap-cannon,,level-up,heartgold-soulsilver,pokeapi
233,porygon2,폴리곤2,67,hyper-beam,파괴광선,level-up,heartgold-soulsilver,pokeapi
234,stantler,노라키,1,tackle,,level-up,heartgold-soulsilver,pokeapi
234,stantler,노라키,3,leer,,level-up,heartgold-soulsilver,pokeapi
234,stantler,노라키,7,astonish,놀래키기,level-up,heartgold-soulsilver,pokeapi
234,stantler,노라키,10,hypnosis,최면술,level-up,heartgold-soulsilver,pokeapi
234,stantler,노라키,13,stomp,,level-up,heartgold-soulsilver,pokeapi
234,stantler,노라키,16,sand-attack,,level-up,heartgold-soulsilver,pokeapi
234,stantler,노라키,21,take-down,,level-up,heartgold-soulsilver,pokeapi
234,stantler,노라키,23,confuse-ray,,level-up,heartgold-soulsilver,pokeapi
234,stantler,노라키,27,calm-mind,,level-up,heartgold-soulsilver,pokeapi
234,stantler,노라키,33,role-play,,level-up,heartgold-soulsilver,pokeapi
234,stantler,노라키,38,zen-headbutt,,level-up,heartgold-soulsilver,pokeapi
234,stantler,노라키,43,imprison,,level-up,heartgold-soulsilver,pokeapi
234,stantler,노라키,49,captivate,,level-up,heartgold-soulsilver,pokeapi
234,stantler,노라키,53,me-first,,level-up,heartgold-soulsilver,pokeapi
235,smeargle,루브도,1,sketch,,level-up,heartgold-soulsilver,pokeapi
235,smeargle,루브도,11,sketch,,level-up,heartgold-soulsilver,pokeapi
235,smeargle,루브도,21,sketch,,level-up,heartgold-soulsilver,pokeapi
235,smeargle,루브도,31,sketch,,level-up,heartgold-soulsilver,pokeapi
235,smeargle,루브도,41,sketch,,level-up,heartgold-soulsilver,pokeapi
235,smeargle,루브도,51,sketch,,level-up,heartgold-soulsilver,pokeapi
235,smeargle,루브도,61,sketch,,level-up,heartgold-soulsilver,pokeapi
235,smeargle,루브도,71,sketch,,level-up,heartgold-soulsilver,pokeapi
235,smeargle,루브도,81,sketch,,level-up,heartgold-soulsilver,pokeapi
235,smeargle,루브도,91,sketch,,level-up,heartgold-soulsilver,pokeapi
236,tyrogue,배루키,1,fake-out,,level-up,heartgold-soulsilver,pokeapi
236,tyrogue,배루키,1,foresight,,level-up,heartgold-soulsilver,pokeapi
236,tyrogue,배루키,1,helping-hand,,level-up,heartgold-soulsilver,pokeapi
236,tyrogue,배루키,1,tackle,,level-up,heartgold-soulsilver,pokeapi
237,hitmontop,카포에라,1,revenge,,level-up,heartgold-soulsilver,pokeapi
237,hitmontop,카포에라,1,rolling-kick,,level-up,heartgold-soulsilver,pokeapi
237,hitmontop,카포에라,6,focus-energy,,level-up,heartgold-soulsilver,pokeapi
237,hitmontop,카포에라,10,pursuit,따라가때리기,level-up,heartgold-soulsilver,pokeapi
237,hitmontop,카포에라,15,quick-attack,전광석화,level-up,heartgold-soulsilver,pokeapi
237,hitmontop,카포에라,19,triple-kick,,level-up,heartgold-soulsilver,pokeapi
237,hitmontop,카포에라,24,rapid-spin,,level-up,heartgold-soulsilver,pokeapi
237,hitmontop,카포에라,28,counter,,level-up,heartgold-soulsilver,pokeapi
237,hitmontop,카포에라,33,feint,,level-up,heartgold-soulsilver,pokeapi
237,hitmontop,카포에라,37,agility,고속이동,level-up,heartgold-soulsilver,pokeapi
237,hitmontop,카포에라,42,gyro-ball,,level-up,heartgold-soulsilver,pokeapi
237,hitmontop,카포에라,46,detect,,level-up,heartgold-soulsilver,pokeapi
237,hitmontop,카포에라,51,close-combat,인파이트,level-up,heartgold-soulsilver,pokeapi
237,hitmontop,카포에라,55,endeavor,,level-up,heartgold-soulsilver,pokeapi
238,smoochum,뽀뽀라,1,pound,,level-up,heartgold-soulsilver,pokeapi
238,smoochum,뽀뽀라,5,lick,핥기,level-up,heartgold-soulsilver,pokeapi
238,smoochum,뽀뽀라,8,sweet-kiss,,level-up,heartgold-soulsilver,pokeapi
238,smoochum,뽀뽀라,11,powder-snow,눈싸라기,level-up,heartgold-soulsilver,pokeapi
238,smoochum,뽀뽀라,15,confusion,염동력,level-up,heartgold-soulsilver,pokeapi
238,smoochum,뽀뽀라,18,sing,노래하기,level-up,heartgold-soulsilver,pokeapi
238,smoochum,뽀뽀라,21,mean-look,,level-up,heartgold-soulsilver,pokeapi
238,smoochum,뽀뽀라,25,fake-tears,,level-up,heartgold-soulsilver,pokeapi
238,smoochum,뽀뽀라,28,lucky-chant,,level-up,heartgold-soulsilver,pokeapi
238,smoochum,뽀뽀라,31,avalanche,,level-up,heartgold-soulsilver,pokeapi
238,smoochum,뽀뽀라,35,psychic,사이코키네시스,level-up,heartgold-soulsilver,pokeapi
238,smoochum,뽀뽀라,38,copycat,,level-up,heartgold-soulsilver,pokeapi
238,smoochum,뽀뽀라,41,perish-song,멸망의노래,level-up,heartgold-soulsilver,pokeapi
238,smoochum,뽀뽀라,45,blizzard,,level-up,heartgold-soulsilver,pokeapi
239,elekid,에레키드,1,leer,,level-up,heartgold-soulsilver,pokeapi
239,elekid,에레키드,1,quick-attack,전광석화,level-up,heartgold-soulsilver,pokeapi
239,elekid,에레키드,7,thunder-shock,,level-up,heartgold-soulsilver,pokeapi
239,elekid,에레키드,10,low-kick,안다리걸기,level-up,heartgold-soulsilver,pokeapi
239,elekid,에레키드,16,swift,스피드스타,level-up,heartgold-soulsilver,pokeapi
239,elekid,에레키드,19,shock-wave,전격파,level-up,heartgold-soulsilver,pokeapi
239,elekid,에레키드,25,light-screen,,level-up,heartgold-soulsilver,pokeapi
239,elekid,에레키드,28,thunder-punch,,level-up,heartgold-soulsilver,pokeapi
239,elekid,에레키드,34,discharge,,level-up,heartgold-soulsilver,pokeapi
239,elekid,에레키드,37,thunderbolt,10만볼트,level-up,heartgold-soulsilver,pokeapi
239,elekid,에레키드,43,screech,싫은소리,level-up,heartgold-soulsilver,pokeapi
239,elekid,에레키드,46,thunder,번개,level-up,heartgold-soulsilver,pokeapi
240,magby,마그비,1,leer,,level-up,heartgold-soulsilver,pokeapi
240,magby,마그비,1,smog,,level-up,heartgold-soulsilver,pokeapi
240,magby,마그비,7,ember,작은불꽃,level-up,heartgold-soulsilver,pokeapi
240,magby,마그비,10,smokescreen,연막,level-up,heartgold-soulsilver,pokeapi
240,magby,마그비,16,feint-attack,,level-up,heartgold-soulsilver,pokeapi
240,magby,마그비,19,fire-spin,,level-up,heartgold-soulsilver,pokeapi
240,magby,마그비,25,confuse-ray,,level-up,heartgold-soulsilver,pokeapi
240,magby,마그비,28,fire-punch,,level-up,heartgold-soulsilver,pokeapi
240,magby,마그비,34,lava-plume,,level-up,heartgold-soulsilver,pokeapi
240,magby,마그비,37,flamethrower,화염방사,level-up,heartgold-soulsilver,pokeapi
240,magby,마그비,43,sunny-day,,level-up,heartgold-soulsilver,pokeapi
240,magby,마그비,46,fire-blast,불대문자,level-up,heartgold-soulsilver,pokeapi
241,miltank,밀탱크,1,tackle,,level-up,heartgold-soulsilver,pokeapi
241,miltank,밀탱크,3,growl,,level-up,heartgold-soulsilver,pokeapi
241,miltank,밀탱크,5,defense-curl,,level-up,heartgold-soulsilver,pokeapi
241,miltank,밀탱크,8,stomp,,level-up,heartgold-soulsilver,pokeapi
241,miltank,밀탱크,11,milk-drink,우유마시기,level-up,heartgold-soulsilver,pokeapi
241,miltank,밀탱크,15,bide,,level-up,heartgold-soulsilver,pokeapi
241,miltank,밀탱크,19,rollout,,level-up,heartgold-soulsilver,pokeapi
241,miltank,밀탱크,24,body-slam,누르기,level-up,heartgold-soulsilver,pokeapi
241,miltank,밀탱크,29,zen-headbutt,,level-up,heartgold-soulsilver,pokeapi
241,miltank,밀탱크,35,captivate,,level-up,heartgold-soulsilver,pokeapi
241,miltank,밀탱크,41,gyro-ball,,level-up,heartgold-soulsilver,pokeapi
241,miltank,밀탱크,48,heal-bell,,level-up,heartgold-soulsilver,pokeapi
241,miltank,밀탱크,55,wake-up-slap,,level-up,heartgold-soulsilver,pokeapi
242,blissey,해피너스,1,growl,,level-up,heartgold-soulsilver,pokeapi
242,blissey,해피너스,1,pound,,level-up,heartgold-soulsilver,pokeapi
242,blissey,해피너스,5,tail-whip,꼬리흔들기,level-up,heartgold-soulsilver,pokeapi
242,blissey,해피너스,9,refresh,,level-up,heartgold-soulsilver,pokeapi
242,blissey,해피너스,12,soft-boiled,,level-up,heartgold-soulsilver,pokeapi
242,blissey,해피너스,16,double-slap,,level-up,heartgold-soulsilver,pokeapi
242,blissey,해피너스,20,minimize,,level-up,heartgold-soulsilver,pokeapi
242,blissey,해피너스,23,sing,노래하기,level-up,heartgold-soulsilver,pokeapi
242,blissey,해피너스,27,fling,,level-up,heartgold-soulsilver,pokeapi
242,blissey,해피너스,31,defense-curl,,level-up,heartgold-soulsilver,pokeapi
242,blissey,해피너스,34,light-screen,,level-up,heartgold-soulsilver,pokeapi
242,blissey,해피너스,38,egg-bomb,,level-up,heartgold-soulsilver,pokeapi
242,blissey,해피너스,42,healing-wish,,level-up,heartgold-soulsilver,pokeapi
242,blissey,해피너스,46,double-edge,이판사판태클,level-up,heartgold-soulsilver,pokeapi
243,raikou,라이코,1,bite,물기,level-up,heartgold-soulsilver,pokeapi
243,raikou,라이코,1,leer,,level-up,heartgold-soulsilver,pokeapi
243,raikou,라이코,8,thunder-shock,,level-up,heartgold-soulsilver,pokeapi
243,raikou,라이코,15,roar,,level-up,heartgold-soulsilver,pokeapi
243,raikou,라이코,22,quick-attack,전광석화,level-up,heartgold-soulsilver,pokeapi
243,raikou,라이코,29,spark,,level-up,heartgold-soulsilver,pokeapi
243,raikou,라이코,36,reflect,,level-up,heartgold-soulsilver,pokeapi
243,raikou,라이코,43,crunch,깨물어부수기,level-up,heartgold-soulsilver,pokeapi
243,raikou,라이코,50,thunder-fang,,level-up,heartgold-soulsilver,pokeapi
243,raikou,라이코,57,discharge,,level-up,heartgold-soulsilver,pokeapi
243,raikou,라이코,64,extrasensory,,level-up,heartgold-soulsilver,pokeapi
243,raikou,라이코,71,rain-dance,,level-up,heartgold-soulsilver,pokeapi
243,raikou,라이코,78,calm-mind,,level-up,heartgold-soulsilver,pokeapi
243,raikou,라이코,85,thunder,번개,level-up,heartgold-soulsilver,pokeapi
244,entei,앤테이,1,bite,물기,level-up,heartgold-soulsilver,pokeapi
244,entei,앤테이,1,leer,,level-up,heartgold-soulsilver,pokeapi
244,entei,앤테이,8,ember,작은불꽃,level-up,heartgold-soulsilver,pokeapi
244,entei,앤테이,15,roar,,level-up,heartgold-soulsilver,pokeapi
244,entei,앤테이,22,fire-spin,,level-up,heartgold-soulsilver,pokeapi
244,entei,앤테이,29,stomp,,level-up,heartgold-soulsilver,pokeapi
244,entei,앤테이,36,flamethrower,화염방사,level-up,heartgold-soulsilver,pokeapi
244,entei,앤테이,43,swagger,,level-up,heartgold-soulsilver,pokeapi
244,entei,앤테이,50,fire-fang,,level-up,heartgold-soulsilver,pokeapi
244,entei,앤테이,57,lava-plume,,level-up,heartgold-soulsilver,pokeapi
244,entei,앤테이,64,extrasensory,,level-up,heartgold-soulsilver,pokeapi
244,entei,앤테이,71,fire-blast,불대문자,level-up,heartgold-soulsilver,pokeapi
244,entei,앤테이,78,calm-mind,,level-up,heartgold-soulsilver,pokeapi
244,entei,앤테이,85,eruption,,level-up,heartgold-soulsilver,pokeapi
245,suicune,스이쿤,1,bite,물기,level-up,heartgold-soulsilver,pokeapi
245,suicune,스이쿤,1,leer,,level-up,heartgold-soulsilver,pokeapi
245,suicune,스이쿤,8,bubble-beam,,level-up,heartgold-soulsilver,pokeapi
245,suicune,스이쿤,15,rain-dance,,level-up,heartgold-soulsilver,pokeapi
245,suicune,스이쿤,22,gust,바람일으키기,level-up,heartgold-soulsilver,pokeapi
245,suicune,스이쿤,29,aurora-beam,,level-up,heartgold-soulsilver,pokeapi
245,suicune,스이쿤,36,mist,,level-up,heartgold-soulsilver,pokeapi
245,suicune,스이쿤,43,mirror-coat,,level-up,heartgold-soulsilver,pokeapi
245,suicune,스이쿤,50,ice-fang,,level-up,heartgold-soulsilver,pokeapi
245,suicune,스이쿤,57,tailwind,,level-up,heartgold-soulsilver,pokeapi
245,suicune,스이쿤,64,extrasensory,,level-up,heartgold-soulsilver,pokeapi
245,suicune,스이쿤,71,hydro-pump,하이드로펌프,level-up,heartgold-soulsilver,pokeapi
245,suicune,스이쿤,78,calm-mind,,level-up,heartgold-soulsilver,pokeapi
245,suicune,스이쿤,85,blizzard,,level-up,heartgold-soulsilver,pokeapi
246,larvitar,애버라스,1,bite,물기,level-up,heartgold-soulsilver,pokeapi
246,larvitar,애버라스,1,leer,,level-up,heartgold-soulsilver,pokeapi
246,larvitar,애버라스,5,sandstorm,,level-up,heartgold-soulsilver,pokeapi
246,larvitar,애버라스,10,screech,싫은소리,level-up,heartgold-soulsilver,pokeapi
246,larvitar,애버라스,14,rock-slide,록슬라이드,level-up,heartgold-soulsilver,pokeapi
246,larvitar,애버라스,19,scary-face,겁나는얼굴,level-up,heartgold-soulsilver,pokeapi
246,larvitar,애버라스,23,thrash,,level-up,heartgold-soulsilver,pokeapi
246,larvitar,애버라스,28,dark-pulse,악의파동,level-up,heartgold-soulsilver,pokeapi
246,larvitar,애버라스,32,payback,,level-up,heartgold-soulsilver,pokeapi
246,larvitar,애버라스,37,crunch,깨물어부수기,level-up,heartgold-soulsilver,pokeapi
246,larvitar,애버라스,41,earthquake,지진,level-up,heartgold-soulsilver,pokeapi
246,larvitar,애버라스,46,stone-edge,스톤샤워,level-up,heartgold-soulsilver,pokeapi
246,larvitar,애버라스,50,hyper-beam,파괴광선,level-up,heartgold-soulsilver,pokeapi
247,pupitar,데기라스,1,bite,물기,level-up,heartgold-soulsilver,pokeapi
247,pupitar,데기라스,1,leer,,level-up,heartgold-soulsilver,pokeapi
247,pupitar,데기라스,1,sandstorm,,level-up,heartgold-soulsilver,pokeapi
247,pupitar,데기라스,1,screech,싫은소리,level-up,heartgold-soulsilver,pokeapi
247,pupitar,데기라스,5,sandstorm,,level-up,heartgold-soulsilver,pokeapi
247,pupitar,데기라스,10,screech,싫은소리,level-up,heartgold-soulsilver,pokeapi
247,pupitar,데기라스,14,rock-slide,록슬라이드,level-up,heartgold-soulsilver,pokeapi
247,pupitar,데기라스,19,scary-face,겁나는얼굴,level-up,heartgold-soulsilver,pokeapi
247,pupitar,데기라스,23,thrash,,level-up,heartgold-soulsilver,pokeapi
247,pupitar,데기라스,28,dark-pulse,악의파동,level-up,heartgold-soulsilver,pokeapi
247,pupitar,데기라스,34,payback,,level-up,heartgold-soulsilver,pokeapi
247,pupitar,데기라스,41,crunch,깨물어부수기,level-up,heartgold-soulsilver,pokeapi
247,pupitar,데기라스,47,earthquake,지진,level-up,heartgold-soulsilver,pokeapi
247,pupitar,데기라스,54,stone-edge,스톤샤워,level-up,heartgold-soulsilver,pokeapi
247,pupitar,데기라스,60,hyper-beam,파괴광선,level-up,heartgold-soulsilver,pokeapi
248,tyranitar,마기라스,1,bite,물기,level-up,heartgold-soulsilver,pokeapi
248,tyranitar,마기라스,1,fire-fang,,level-up,heartgold-soulsilver,pokeapi
248,tyranitar,마기라스,1,ice-fang,,level-up,heartgold-soulsilver,pokeapi
248,tyranitar,마기라스,1,leer,,level-up,heartgold-soulsilver,pokeapi
248,tyranitar,마기라스,1,sandstorm,,level-up,heartgold-soulsilver,pokeapi
248,tyranitar,마기라스,1,screech,싫은소리,level-up,heartgold-soulsilver,pokeapi
248,tyranitar,마기라스,1,thunder-fang,,level-up,heartgold-soulsilver,pokeapi
248,tyranitar,마기라스,5,sandstorm,,level-up,heartgold-soulsilver,pokeapi
248,tyranitar,마기라스,10,screech,싫은소리,level-up,heartgold-soulsilver,pokeapi
248,tyranitar,마기라스,14,rock-slide,록슬라이드,level-up,heartgold-soulsilver,pokeapi
248,tyranitar,마기라스,19,scary-face,겁나는얼굴,level-up,heartgold-soulsilver,pokeapi
248,tyranitar,마기라스,23,thrash,,level-up,heartgold-soulsilver,pokeapi
248,tyranitar,마기라스,28,dark-pulse,악의파동,level-up,heartgold-soulsilver,pokeapi
248,tyranitar,마기라스,34,payback,,level-up,heartgold-soulsilver,pokeapi
248,tyranitar,마기라스,41,crunch,깨물어부수기,level-up,heartgold-soulsilver,pokeapi
248,tyranitar,마기라스,47,earthquake,지진,level-up,heartgold-soulsilver,pokeapi
248,tyranitar,마기라스,54,stone-edge,스톤샤워,level-up,heartgold-soulsilver,pokeapi
248,tyranitar,마기라스,70,hyper-beam,파괴광선,level-up,heartgold-soulsilver,pokeapi
249,lugia,루기아,1,weather-ball,,level-up,heartgold-soulsilver,pokeapi
249,lugia,루기아,1,whirlwind,,level-up,heartgold-soulsilver,pokeapi
249,lugia,루기아,9,gust,바람일으키기,level-up,heartgold-soulsilver,pokeapi
249,lugia,루기아,15,dragon-rush,,level-up,heartgold-soulsilver,pokeapi
249,lugia,루기아,23,extrasensory,,level-up,heartgold-soulsilver,pokeapi
249,lugia,루기아,29,rain-dance,,level-up,heartgold-soulsilver,pokeapi
249,lugia,루기아,37,hydro-pump,하이드로펌프,level-up,heartgold-soulsilver,pokeapi
249,lugia,루기아,43,aeroblast,,level-up,heartgold-soulsilver,pokeapi
249,lugia,루기아,50,punishment,,level-up,heartgold-soulsilver,pokeapi
249,lugia,루기아,57,ancient-power,,level-up,heartgold-soulsilver,pokeapi
249,lugia,루기아,65,safeguard,,level-up,heartgold-soulsilver,pokeapi
249,lugia,루기아,71,recover,HP회복,level-up,heartgold-soulsilver,pokeapi
249,lugia,루기아,79,future-sight,,level-up,heartgold-soulsilver,pokeapi
249,lugia,루기아,85,natural-gift,,level-up,heartgold-soulsilver,pokeapi
249,lugia,루기아,93,calm-mind,,level-up,heartgold-soulsilver,pokeapi
249,lugia,루기아,99,sky-attack,,level-up,heartgold-soulsilver,pokeapi
250,ho-oh,칠색조,1,weather-ball,,level-up,heartgold-soulsilver,pokeapi
250,ho-oh,칠색조,1,whirlwind,,level-up,heartgold-soulsilver,pokeapi
250,ho-oh,칠색조,9,gust,바람일으키기,level-up,heartgold-soulsilver,pokeapi
250,ho-oh,칠색조,15,brave-bird,브레이브버드,level-up,heartgold-soulsilver,pokeapi
250,ho-oh,칠색조,23,extrasensory,,level-up,heartgold-soulsilver,pokeapi
250,ho-oh,칠색조,29,sunny-day,,level-up,heartgold-soulsilver,pokeapi
250,ho-oh,칠색조,37,fire-blast,불대문자,level-up,heartgold-soulsilver,pokeapi
250,ho-oh,칠색조,43,sacred-fire,,level-up,heartgold-soulsilver,pokeapi
250,ho-oh,칠색조,50,punishment,,level-up,heartgold-soulsilver,pokeapi
250,ho-oh,칠색조,57,ancient-power,,level-up,heartgold-soulsilver,pokeapi
250,ho-oh,칠색조,65,safeguard,,level-up,heartgold-soulsilver,pokeapi
250,ho-oh,칠색조,71,recover,HP회복,level-up,heartgold-soulsilver,pokeapi
250,ho-oh,칠색조,79,future-sight,,level-up,heartgold-soulsilver,pokeapi
250,ho-oh,칠색조,85,natural-gift,,level-up,heartgold-soulsilver,pokeapi
250,ho-oh,칠색조,93,calm-mind,,level-up,heartgold-soulsilver,pokeapi
250,ho-oh,칠색조,99,sky-attack,,level-up,heartgold-soulsilver,pokeapi
251,celebi,세레비,1,confusion,염동력,level-up,heartgold-soulsilver,pokeapi
251,celebi,세레비,1,heal-bell,,level-up,heartgold-soulsilver,pokeapi
251,celebi,세레비,1,leech-seed,,level-up,heartgold-soulsilver,pokeapi
251,celebi,세레비,1,recover,HP회복,level-up,heartgold-soulsilver,pokeapi
251,celebi,세레비,10,safeguard,,level-up,heartgold-soulsilver,pokeapi
251,celebi,세레비,19,magical-leaf,,level-up,heartgold-soulsilver,pokeapi
251,celebi,세레비,28,ancient-power,,level-up,heartgold-soulsilver,pokeapi
251,celebi,세레비,37,baton-pass,,level-up,heartgold-soulsilver,pokeapi
251,celebi,세레비,46,natural-gift,,level-up,heartgold-soulsilver,pokeapi
251,celebi,세레비,55,heal-block,,level-up,heartgold-soulsilver,pokeapi
251,celebi,세레비,64,future-sight,,level-up,heartgold-soulsilver,pokeapi
251,celebi,세레비,73,healing-wish,,level-up,heartgold-soulsilver,pokeapi
251,celebi,세레비,82,leaf-storm,,level-up,heartgold-soulsilver,pokeapi
251,celebi,세레비,91,perish-song,멸망의노래,level-up,heartgold-soulsilver,pokeapi
